"","Latitude","Longitude","Weight","Month"
"1",52.3,181.1,0,12
"2",52.3,182.1,0,12
"3",52.3,183.1,0,12
"4",52.3,184.1,0,12
"5",52.3,185.1,0,12
"6",52.3,186.1,0,12
"7",52.3,187.1,0,12
"8",52.3,188.1,0,12
"9",52.3,189.1,0,12
"10",52.3,190.1,0,12
"11",52.3,191.1,0,12
"12",52.3,192.1,0,12
"13",52.3,193.1,0,12
"14",52.3,194.1,0,12
"15",52.3,195.1,0,12
"16",52.3,196.1,0,12
"17",52.3,197.1,0,12
"18",52.3,198.1,0,12
"19",52.3,199.1,0,12
"20",52.3,200.1,0,12
"21",52.3,201.1,0,12
"22",52.3,202.1,0,12
"23",52.3,203.1,0,12
"24",52.3,204.1,0,12
"25",52.3,205.1,0,12
"26",53.3,181.1,0,12
"27",53.3,182.1,0,12
"28",53.3,183.1,0,12
"29",53.3,184.1,0,12
"30",53.3,185.1,0,12
"31",53.3,186.1,0,12
"32",53.3,187.1,0,12
"33",53.3,188.1,0,12
"34",53.3,189.1,0,12
"35",53.3,190.1,0,12
"36",53.3,191.1,0,12
"37",53.3,192.1,0,12
"38",53.3,193.1,0,12
"39",53.3,194.1,0,12
"40",53.3,195.1,0,12
"41",53.3,196.1,0,12
"42",53.3,197.1,0,12
"43",53.3,198.1,0,12
"44",53.3,199.1,0,12
"45",53.3,200.1,0,12
"46",53.3,201.1,0,12
"47",53.3,202.1,0,12
"48",53.3,203.1,0,12
"49",53.3,204.1,0,12
"50",53.3,205.1,0,12
"51",54.3,181.1,0,12
"52",54.3,182.1,0,12
"53",54.3,183.1,0,12
"54",54.3,184.1,0,12
"55",54.3,185.1,0,12
"56",54.3,186.1,0,12
"57",54.3,187.1,0,12
"58",54.3,188.1,0,12
"59",54.3,189.1,0,12
"60",54.3,190.1,0,12
"61",54.3,191.1,0,12
"62",54.3,192.1,0,12
"63",54.3,193.1,0,12
"64",54.3,194.1,0,12
"65",54.3,195.1,0,12
"66",54.3,196.1,0,12
"67",54.3,197.1,0,12
"68",54.3,198.1,0,12
"69",54.3,199.1,0,12
"70",54.3,200.1,0,12
"71",54.3,201.1,0,12
"72",54.3,202.1,0,12
"73",54.3,203.1,0,12
"74",54.3,204.1,0,12
"75",54.3,205.1,0,12
"76",55.3,181.1,0,12
"77",55.3,182.1,0,12
"78",55.3,183.1,0,12
"79",55.3,184.1,0,12
"80",55.3,185.1,0,12
"81",55.3,186.1,0,12
"82",55.3,187.1,0,12
"83",55.3,188.1,0,12
"84",55.3,189.1,0,12
"85",55.3,190.1,0,12
"86",55.3,191.1,0,12
"87",55.3,192.1,0,12
"88",55.3,193.1,0,12
"89",55.3,194.1,0,12
"90",55.3,195.1,0,12
"91",55.3,196.1,0,12
"92",55.3,197.1,0,12
"93",55.3,198.1,0,12
"94",55.3,199.1,0,12
"95",55.3,200.1,0,12
"96",55.3,201.1,0,12
"97",55.3,202.1,0,12
"98",55.3,203.1,0,12
"99",55.3,204.1,0,12
"100",55.3,205.1,0,12
"101",56.3,181.1,0,12
"102",56.3,182.1,0,12
"103",56.3,183.1,0,12
"104",56.3,184.1,0,12
"105",56.3,185.1,0,12
"106",56.3,186.1,0,12
"107",56.3,187.1,0,12
"108",56.3,188.1,0,12
"109",56.3,189.1,0,12
"110",56.3,190.1,0,12
"111",56.3,191.1,0,12
"112",56.3,192.1,0,12
"113",56.3,193.1,0,12
"114",56.3,194.1,0,12
"115",56.3,195.1,0,12
"116",56.3,196.1,0,12
"117",56.3,197.1,0,12
"118",56.3,198.1,0,12
"119",56.3,199.1,0,12
"120",56.3,200.1,0,12
"121",56.3,201.1,0,12
"122",56.3,202.1,0,12
"123",56.3,203.1,0,12
"124",56.3,204.1,0,12
"125",56.3,205.1,0,12
"126",57.3,181.1,0,12
"127",57.3,182.1,0,12
"128",57.3,183.1,0,12
"129",57.3,184.1,0,12
"130",57.3,185.1,0,12
"131",57.3,186.1,0,12
"132",57.3,187.1,0,12
"133",57.3,188.1,0,12
"134",57.3,189.1,0,12
"135",57.3,190.1,0,12
"136",57.3,191.1,0,12
"137",57.3,192.1,0,12
"138",57.3,193.1,0,12
"139",57.3,194.1,0,12
"140",57.3,195.1,0,12
"141",57.3,196.1,0,12
"142",57.3,197.1,0,12
"143",57.3,198.1,0,12
"144",57.3,199.1,0,12
"145",57.3,200.1,0,12
"146",57.3,201.1,0,12
"147",57.3,202.1,0,12
"148",57.3,203.1,0,12
"149",57.3,204.1,0,12
"150",57.3,205.1,0,12
"151",58.3,181.1,0,12
"152",58.3,182.1,0,12
"153",58.3,183.1,0,12
"154",58.3,184.1,0,12
"155",58.3,185.1,0,12
"156",58.3,186.1,0,12
"157",58.3,187.1,0,12
"158",58.3,188.1,0,12
"159",58.3,189.1,0,12
"160",58.3,190.1,0,12
"161",58.3,191.1,0,12
"162",58.3,192.1,0,12
"163",58.3,193.1,0,12
"164",58.3,194.1,0,12
"165",58.3,195.1,0,12
"166",58.3,196.1,0,12
"167",58.3,197.1,0,12
"168",58.3,198.1,0,12
"169",58.3,199.1,0,12
"170",58.3,200.1,0,12
"171",58.3,201.1,0,12
"172",58.3,202.1,0,12
"173",58.3,203.1,0,12
"174",58.3,204.1,0,12
"175",58.3,205.1,0,12
"176",59.3,181.1,0,12
"177",59.3,182.1,0,12
"178",59.3,183.1,0,12
"179",59.3,184.1,0,12
"180",59.3,185.1,0,12
"181",59.3,186.1,0,12
"182",59.3,187.1,0,12
"183",59.3,188.1,0,12
"184",59.3,189.1,0,12
"185",59.3,190.1,0,12
"186",59.3,191.1,0,12
"187",59.3,192.1,0,12
"188",59.3,193.1,0,12
"189",59.3,194.1,0,12
"190",59.3,195.1,0,12
"191",59.3,196.1,0,12
"192",59.3,197.1,0,12
"193",59.3,198.1,0,12
"194",59.3,199.1,0,12
"195",59.3,200.1,0,12
"196",59.3,201.1,0,12
"197",59.3,202.1,0,12
"198",59.3,203.1,0,12
"199",59.3,204.1,0,12
"200",59.3,205.1,0,12
"201",60.3,181.1,0,12
"202",60.3,182.1,0,12
"203",60.3,183.1,0,12
"204",60.3,184.1,0,12
"205",60.3,185.1,0,12
"206",60.3,186.1,0,12
"207",60.3,187.1,0,12
"208",60.3,188.1,0,12
"209",60.3,189.1,0,12
"210",60.3,190.1,0,12
"211",60.3,191.1,0,12
"212",60.3,192.1,0,12
"213",60.3,193.1,0,12
"214",60.3,194.1,0,12
"215",60.3,195.1,0,12
"216",60.3,196.1,0,12
"217",60.3,197.1,0,12
"218",60.3,198.1,0,12
"219",60.3,199.1,0,12
"220",60.3,200.1,0,12
"221",60.3,201.1,0,12
"222",60.3,202.1,0,12
"223",60.3,203.1,0,12
"224",60.3,204.1,0,12
"225",60.3,205.1,0,12
"226",61.3,181.1,0,12
"227",61.3,182.1,0,12
"228",61.3,183.1,0,12
"229",61.3,184.1,0,12
"230",61.3,185.1,0,12
"231",61.3,186.1,0,12
"232",61.3,187.1,0,12
"233",61.3,188.1,0,12
"234",61.3,189.1,0,12
"235",61.3,190.1,0,12
"236",61.3,191.1,0,12
"237",61.3,192.1,0,12
"238",61.3,193.1,0,12
"239",61.3,194.1,0,12
"240",61.3,195.1,0,12
"241",61.3,196.1,0,12
"242",61.3,197.1,0,12
"243",61.3,198.1,0,12
"244",61.3,199.1,0,12
"245",61.3,200.1,0,12
"246",61.3,201.1,0,12
"247",61.3,202.1,0,12
"248",61.3,203.1,0,12
"249",61.3,204.1,0,12
"250",61.3,205.1,0,12
"251",62.3,181.1,0,12
"252",62.3,182.1,0,12
"253",62.3,183.1,0,12
"254",62.3,184.1,0,12
"255",62.3,185.1,0,12
"256",62.3,186.1,0,12
"257",62.3,187.1,0,12
"258",62.3,188.1,0,12
"259",62.3,189.1,0,12
"260",62.3,190.1,0,12
"261",62.3,191.1,0,12
"262",62.3,192.1,0,12
"263",62.3,193.1,0,12
"264",62.3,194.1,0,12
"265",62.3,195.1,0,12
"266",62.3,196.1,0,12
"267",62.3,197.1,0,12
"268",62.3,198.1,0,12
"269",62.3,199.1,0,12
"270",62.3,200.1,0,12
"271",62.3,201.1,0,12
"272",62.3,202.1,0,12
"273",62.3,203.1,0,12
"274",62.3,204.1,0,12
"275",62.3,205.1,0,12
"276",52.3,181.1,0,11
"277",52.3,182.1,0,11
"278",52.3,183.1,0,11
"279",52.3,184.1,0,11
"280",52.3,185.1,0,11
"281",52.3,186.1,0,11
"282",52.3,187.1,0,11
"283",52.3,188.1,0,11
"284",52.3,189.1,0,11
"285",52.3,190.1,0,11
"286",52.3,191.1,0,11
"287",52.3,192.1,0,11
"288",52.3,193.1,0,11
"289",52.3,194.1,0,11
"290",52.3,195.1,0,11
"291",52.3,196.1,0,11
"292",52.3,197.1,0,11
"293",52.3,198.1,0,11
"294",52.3,199.1,0,11
"295",52.3,200.1,0,11
"296",52.3,201.1,0,11
"297",52.3,202.1,0,11
"298",52.3,203.1,0,11
"299",52.3,204.1,0,11
"300",52.3,205.1,0,11
"301",53.3,181.1,0,11
"302",53.3,182.1,0,11
"303",53.3,183.1,0,11
"304",53.3,184.1,0,11
"305",53.3,185.1,0,11
"306",53.3,186.1,0,11
"307",53.3,187.1,0,11
"308",53.3,188.1,0,11
"309",53.3,189.1,0,11
"310",53.3,190.1,0,11
"311",53.3,191.1,0,11
"312",53.3,192.1,0,11
"313",53.3,193.1,0,11
"314",53.3,194.1,0,11
"315",53.3,195.1,0,11
"316",53.3,196.1,0,11
"317",53.3,197.1,0,11
"318",53.3,198.1,0,11
"319",53.3,199.1,0,11
"320",53.3,200.1,0,11
"321",53.3,201.1,0,11
"322",53.3,202.1,0,11
"323",53.3,203.1,0,11
"324",53.3,204.1,0,11
"325",53.3,205.1,0,11
"326",54.3,181.1,0,11
"327",54.3,182.1,0,11
"328",54.3,183.1,0,11
"329",54.3,184.1,0,11
"330",54.3,185.1,0,11
"331",54.3,186.1,0,11
"332",54.3,187.1,0,11
"333",54.3,188.1,0,11
"334",54.3,189.1,0,11
"335",54.3,190.1,0,11
"336",54.3,191.1,0,11
"337",54.3,192.1,0,11
"338",54.3,193.1,0,11
"339",54.3,194.1,0,11
"340",54.3,195.1,0,11
"341",54.3,196.1,0,11
"342",54.3,197.1,0,11
"343",54.3,198.1,0,11
"344",54.3,199.1,0,11
"345",54.3,200.1,0,11
"346",54.3,201.1,0,11
"347",54.3,202.1,0,11
"348",54.3,203.1,0,11
"349",54.3,204.1,0,11
"350",54.3,205.1,0,11
"351",55.3,181.1,0,11
"352",55.3,182.1,0,11
"353",55.3,183.1,0,11
"354",55.3,184.1,0,11
"355",55.3,185.1,0,11
"356",55.3,186.1,0,11
"357",55.3,187.1,0,11
"358",55.3,188.1,0,11
"359",55.3,189.1,0,11
"360",55.3,190.1,0,11
"361",55.3,191.1,0,11
"362",55.3,192.1,0,11
"363",55.3,193.1,0,11
"364",55.3,194.1,0,11
"365",55.3,195.1,0,11
"366",55.3,196.1,0,11
"367",55.3,197.1,0,11
"368",55.3,198.1,0,11
"369",55.3,199.1,0,11
"370",55.3,200.1,0,11
"371",55.3,201.1,0,11
"372",55.3,202.1,0,11
"373",55.3,203.1,0,11
"374",55.3,204.1,0,11
"375",55.3,205.1,0,11
"376",56.3,181.1,0,11
"377",56.3,182.1,0,11
"378",56.3,183.1,0,11
"379",56.3,184.1,0,11
"380",56.3,185.1,0,11
"381",56.3,186.1,0,11
"382",56.3,187.1,0,11
"383",56.3,188.1,0,11
"384",56.3,189.1,0,11
"385",56.3,190.1,0,11
"386",56.3,191.1,0,11
"387",56.3,192.1,0,11
"388",56.3,193.1,0,11
"389",56.3,194.1,0,11
"390",56.3,195.1,0,11
"391",56.3,196.1,0,11
"392",56.3,197.1,0,11
"393",56.3,198.1,0,11
"394",56.3,199.1,0,11
"395",56.3,200.1,0,11
"396",56.3,201.1,0,11
"397",56.3,202.1,0,11
"398",56.3,203.1,0,11
"399",56.3,204.1,0,11
"400",56.3,205.1,0,11
"401",57.3,181.1,0,11
"402",57.3,182.1,0,11
"403",57.3,183.1,0,11
"404",57.3,184.1,0,11
"405",57.3,185.1,0,11
"406",57.3,186.1,0,11
"407",57.3,187.1,0,11
"408",57.3,188.1,0,11
"409",57.3,189.1,0,11
"410",57.3,190.1,0,11
"411",57.3,191.1,0,11
"412",57.3,192.1,0,11
"413",57.3,193.1,0,11
"414",57.3,194.1,0,11
"415",57.3,195.1,0,11
"416",57.3,196.1,0,11
"417",57.3,197.1,0,11
"418",57.3,198.1,0,11
"419",57.3,199.1,0,11
"420",57.3,200.1,0,11
"421",57.3,201.1,0,11
"422",57.3,202.1,0,11
"423",57.3,203.1,0,11
"424",57.3,204.1,0,11
"425",57.3,205.1,0,11
"426",58.3,181.1,0,11
"427",58.3,182.1,0,11
"428",58.3,183.1,0,11
"429",58.3,184.1,0,11
"430",58.3,185.1,0,11
"431",58.3,186.1,0,11
"432",58.3,187.1,0,11
"433",58.3,188.1,0,11
"434",58.3,189.1,0,11
"435",58.3,190.1,0,11
"436",58.3,191.1,0,11
"437",58.3,192.1,0,11
"438",58.3,193.1,0,11
"439",58.3,194.1,0,11
"440",58.3,195.1,0,11
"441",58.3,196.1,0,11
"442",58.3,197.1,0,11
"443",58.3,198.1,0,11
"444",58.3,199.1,0,11
"445",58.3,200.1,0,11
"446",58.3,201.1,0,11
"447",58.3,202.1,0,11
"448",58.3,203.1,0,11
"449",58.3,204.1,0,11
"450",58.3,205.1,0,11
"451",59.3,181.1,0,11
"452",59.3,182.1,0,11
"453",59.3,183.1,0,11
"454",59.3,184.1,0,11
"455",59.3,185.1,0,11
"456",59.3,186.1,0,11
"457",59.3,187.1,0,11
"458",59.3,188.1,0,11
"459",59.3,189.1,0,11
"460",59.3,190.1,0,11
"461",59.3,191.1,0,11
"462",59.3,192.1,0,11
"463",59.3,193.1,0,11
"464",59.3,194.1,0,11
"465",59.3,195.1,0,11
"466",59.3,196.1,0,11
"467",59.3,197.1,0,11
"468",59.3,198.1,0,11
"469",59.3,199.1,0,11
"470",59.3,200.1,0,11
"471",59.3,201.1,0,11
"472",59.3,202.1,0,11
"473",59.3,203.1,0,11
"474",59.3,204.1,0,11
"475",59.3,205.1,0,11
"476",60.3,181.1,0,11
"477",60.3,182.1,0,11
"478",60.3,183.1,0,11
"479",60.3,184.1,0,11
"480",60.3,185.1,0,11
"481",60.3,186.1,0,11
"482",60.3,187.1,0,11
"483",60.3,188.1,0,11
"484",60.3,189.1,0,11
"485",60.3,190.1,0,11
"486",60.3,191.1,0,11
"487",60.3,192.1,0,11
"488",60.3,193.1,0,11
"489",60.3,194.1,0,11
"490",60.3,195.1,0,11
"491",60.3,196.1,0,11
"492",60.3,197.1,0,11
"493",60.3,198.1,0,11
"494",60.3,199.1,0,11
"495",60.3,200.1,0,11
"496",60.3,201.1,0,11
"497",60.3,202.1,0,11
"498",60.3,203.1,0,11
"499",60.3,204.1,0,11
"500",60.3,205.1,0,11
"501",61.3,181.1,0,11
"502",61.3,182.1,0,11
"503",61.3,183.1,0,11
"504",61.3,184.1,0,11
"505",61.3,185.1,0,11
"506",61.3,186.1,0,11
"507",61.3,187.1,0,11
"508",61.3,188.1,0,11
"509",61.3,189.1,0,11
"510",61.3,190.1,0,11
"511",61.3,191.1,0,11
"512",61.3,192.1,0,11
"513",61.3,193.1,0,11
"514",61.3,194.1,0,11
"515",61.3,195.1,0,11
"516",61.3,196.1,0,11
"517",61.3,197.1,0,11
"518",61.3,198.1,0,11
"519",61.3,199.1,0,11
"520",61.3,200.1,0,11
"521",61.3,201.1,0,11
"522",61.3,202.1,0,11
"523",61.3,203.1,0,11
"524",61.3,204.1,0,11
"525",61.3,205.1,0,11
"526",62.3,181.1,0,11
"527",62.3,182.1,0,11
"528",62.3,183.1,0,11
"529",62.3,184.1,0,11
"530",62.3,185.1,0,11
"531",62.3,186.1,0,11
"532",62.3,187.1,0,11
"533",62.3,188.1,0,11
"534",62.3,189.1,0,11
"535",62.3,190.1,0,11
"536",62.3,191.1,0,11
"537",62.3,192.1,0,11
"538",62.3,193.1,0,11
"539",62.3,194.1,0,11
"540",62.3,195.1,0,11
"541",62.3,196.1,0,11
"542",62.3,197.1,0,11
"543",62.3,198.1,0,11
"544",62.3,199.1,0,11
"545",62.3,200.1,0,11
"546",62.3,201.1,0,11
"547",62.3,202.1,0,11
"548",62.3,203.1,0,11
"549",62.3,204.1,0,11
"550",62.3,205.1,0,11
"551",52.3,181.1,0,10
"552",52.3,182.1,0,10
"553",52.3,183.1,0,10
"554",52.3,184.1,0,10
"555",52.3,185.1,0,10
"556",52.3,186.1,0,10
"557",52.3,187.1,0,10
"558",52.3,188.1,0,10
"559",52.3,189.1,0,10
"560",52.3,190.1,0,10
"561",52.3,191.1,0,10
"562",52.3,192.1,0,10
"563",52.3,193.1,0,10
"564",52.3,194.1,0,10
"565",52.3,195.1,0,10
"566",52.3,196.1,0,10
"567",52.3,197.1,0,10
"568",52.3,198.1,0,10
"569",52.3,199.1,0,10
"570",52.3,200.1,0,10
"571",52.3,201.1,0,10
"572",52.3,202.1,0,10
"573",52.3,203.1,0,10
"574",52.3,204.1,0,10
"575",52.3,205.1,0,10
"576",53.3,181.1,0,10
"577",53.3,182.1,0,10
"578",53.3,183.1,0,10
"579",53.3,184.1,0,10
"580",53.3,185.1,0,10
"581",53.3,186.1,0,10
"582",53.3,187.1,0,10
"583",53.3,188.1,0,10
"584",53.3,189.1,0,10
"585",53.3,190.1,0,10
"586",53.3,191.1,0,10
"587",53.3,192.1,0,10
"588",53.3,193.1,0,10
"589",53.3,194.1,0,10
"590",53.3,195.1,0,10
"591",53.3,196.1,0,10
"592",53.3,197.1,0,10
"593",53.3,198.1,0,10
"594",53.3,199.1,0,10
"595",53.3,200.1,0,10
"596",53.3,201.1,0,10
"597",53.3,202.1,0,10
"598",53.3,203.1,0,10
"599",53.3,204.1,0,10
"600",53.3,205.1,0,10
"601",54.3,181.1,0,10
"602",54.3,182.1,0,10
"603",54.3,183.1,0,10
"604",54.3,184.1,0,10
"605",54.3,185.1,0,10
"606",54.3,186.1,0,10
"607",54.3,187.1,0,10
"608",54.3,188.1,0,10
"609",54.3,189.1,0,10
"610",54.3,190.1,0,10
"611",54.3,191.1,0,10
"612",54.3,192.1,0,10
"613",54.3,193.1,0,10
"614",54.3,194.1,0,10
"615",54.3,195.1,0,10
"616",54.3,196.1,0,10
"617",54.3,197.1,0,10
"618",54.3,198.1,0,10
"619",54.3,199.1,0,10
"620",54.3,200.1,0,10
"621",54.3,201.1,0,10
"622",54.3,202.1,0,10
"623",54.3,203.1,0,10
"624",54.3,204.1,0,10
"625",54.3,205.1,0,10
"626",55.3,181.1,0,10
"627",55.3,182.1,0,10
"628",55.3,183.1,0,10
"629",55.3,184.1,0,10
"630",55.3,185.1,0,10
"631",55.3,186.1,0,10
"632",55.3,187.1,0,10
"633",55.3,188.1,0,10
"634",55.3,189.1,0,10
"635",55.3,190.1,0,10
"636",55.3,191.1,4.69,10
"637",55.3,192.1,0,10
"638",55.3,193.1,0,10
"639",55.3,194.1,0,10
"640",55.3,195.1,0,10
"641",55.3,196.1,0,10
"642",55.3,197.1,0,10
"643",55.3,198.1,0,10
"644",55.3,199.1,0,10
"645",55.3,200.1,0,10
"646",55.3,201.1,0,10
"647",55.3,202.1,0,10
"648",55.3,203.1,0,10
"649",55.3,204.1,0,10
"650",55.3,205.1,0,10
"651",56.3,181.1,0,10
"652",56.3,182.1,0,10
"653",56.3,183.1,0,10
"654",56.3,184.1,0,10
"655",56.3,185.1,0,10
"656",56.3,186.1,0,10
"657",56.3,187.1,0,10
"658",56.3,188.1,0,10
"659",56.3,189.1,0,10
"660",56.3,190.1,0,10
"661",56.3,191.1,0,10
"662",56.3,192.1,8727.19,10
"663",56.3,193.1,711597.96,10
"664",56.3,194.1,1060744.28,10
"665",56.3,195.1,0,10
"666",56.3,196.1,0,10
"667",56.3,197.1,0,10
"668",56.3,198.1,0,10
"669",56.3,199.1,0,10
"670",56.3,200.1,0,10
"671",56.3,201.1,0,10
"672",56.3,202.1,0,10
"673",56.3,203.1,0,10
"674",56.3,204.1,0,10
"675",56.3,205.1,0,10
"676",57.3,181.1,0,10
"677",57.3,182.1,0,10
"678",57.3,183.1,0,10
"679",57.3,184.1,0,10
"680",57.3,185.1,0,10
"681",57.3,186.1,0,10
"682",57.3,187.1,0,10
"683",57.3,188.1,0,10
"684",57.3,189.1,17873.24,10
"685",57.3,190.1,196331.67,10
"686",57.3,191.1,3423155.08,10
"687",57.3,192.1,2998909.75,10
"688",57.3,193.1,580424.53,10
"689",57.3,194.1,621034.42,10
"690",57.3,195.1,0,10
"691",57.3,196.1,0,10
"692",57.3,197.1,0,10
"693",57.3,198.1,0,10
"694",57.3,199.1,0,10
"695",57.3,200.1,0,10
"696",57.3,201.1,0,10
"697",57.3,202.1,0,10
"698",57.3,203.1,0,10
"699",57.3,204.1,0,10
"700",57.3,205.1,0,10
"701",58.3,181.1,0,10
"702",58.3,182.1,0,10
"703",58.3,183.1,0,10
"704",58.3,184.1,0,10
"705",58.3,185.1,0,10
"706",58.3,186.1,0,10
"707",58.3,187.1,0,10
"708",58.3,188.1,0,10
"709",58.3,189.1,115361.48,10
"710",58.3,190.1,331275.84,10
"711",58.3,191.1,50451.49,10
"712",58.3,192.1,0,10
"713",58.3,193.1,0,10
"714",58.3,194.1,0,10
"715",58.3,195.1,0,10
"716",58.3,196.1,0,10
"717",58.3,197.1,0,10
"718",58.3,198.1,0,10
"719",58.3,199.1,0,10
"720",58.3,200.1,0,10
"721",58.3,201.1,0,10
"722",58.3,202.1,0,10
"723",58.3,203.1,0,10
"724",58.3,204.1,0,10
"725",58.3,205.1,0,10
"726",59.3,181.1,0,10
"727",59.3,182.1,0,10
"728",59.3,183.1,0,10
"729",59.3,184.1,0,10
"730",59.3,185.1,0,10
"731",59.3,186.1,0,10
"732",59.3,187.1,0,10
"733",59.3,188.1,0,10
"734",59.3,189.1,0,10
"735",59.3,190.1,0,10
"736",59.3,191.1,0,10
"737",59.3,192.1,0,10
"738",59.3,193.1,0,10
"739",59.3,194.1,0,10
"740",59.3,195.1,0,10
"741",59.3,196.1,0,10
"742",59.3,197.1,0,10
"743",59.3,198.1,0,10
"744",59.3,199.1,0,10
"745",59.3,200.1,0,10
"746",59.3,201.1,0,10
"747",59.3,202.1,0,10
"748",59.3,203.1,0,10
"749",59.3,204.1,0,10
"750",59.3,205.1,0,10
"751",60.3,181.1,0,10
"752",60.3,182.1,0,10
"753",60.3,183.1,0,10
"754",60.3,184.1,0,10
"755",60.3,185.1,0,10
"756",60.3,186.1,0,10
"757",60.3,187.1,0,10
"758",60.3,188.1,0,10
"759",60.3,189.1,0,10
"760",60.3,190.1,0,10
"761",60.3,191.1,0,10
"762",60.3,192.1,0,10
"763",60.3,193.1,0,10
"764",60.3,194.1,0,10
"765",60.3,195.1,0,10
"766",60.3,196.1,0,10
"767",60.3,197.1,0,10
"768",60.3,198.1,0,10
"769",60.3,199.1,0,10
"770",60.3,200.1,0,10
"771",60.3,201.1,0,10
"772",60.3,202.1,0,10
"773",60.3,203.1,0,10
"774",60.3,204.1,0,10
"775",60.3,205.1,0,10
"776",61.3,181.1,0,10
"777",61.3,182.1,0,10
"778",61.3,183.1,0,10
"779",61.3,184.1,0,10
"780",61.3,185.1,0,10
"781",61.3,186.1,0,10
"782",61.3,187.1,0,10
"783",61.3,188.1,0,10
"784",61.3,189.1,0,10
"785",61.3,190.1,0,10
"786",61.3,191.1,0,10
"787",61.3,192.1,0,10
"788",61.3,193.1,0,10
"789",61.3,194.1,0,10
"790",61.3,195.1,0,10
"791",61.3,196.1,0,10
"792",61.3,197.1,0,10
"793",61.3,198.1,0,10
"794",61.3,199.1,0,10
"795",61.3,200.1,0,10
"796",61.3,201.1,0,10
"797",61.3,202.1,0,10
"798",61.3,203.1,0,10
"799",61.3,204.1,0,10
"800",61.3,205.1,0,10
"801",62.3,181.1,0,10
"802",62.3,182.1,0,10
"803",62.3,183.1,0,10
"804",62.3,184.1,0,10
"805",62.3,185.1,0,10
"806",62.3,186.1,0,10
"807",62.3,187.1,0,10
"808",62.3,188.1,0,10
"809",62.3,189.1,0,10
"810",62.3,190.1,0,10
"811",62.3,191.1,0,10
"812",62.3,192.1,0,10
"813",62.3,193.1,0,10
"814",62.3,194.1,0,10
"815",62.3,195.1,0,10
"816",62.3,196.1,0,10
"817",62.3,197.1,0,10
"818",62.3,198.1,0,10
"819",62.3,199.1,0,10
"820",62.3,200.1,0,10
"821",62.3,201.1,0,10
"822",62.3,202.1,0,10
"823",62.3,203.1,0,10
"824",62.3,204.1,0,10
"825",62.3,205.1,0,10
"826",52.3,181.1,0,9
"827",52.3,182.1,0,9
"828",52.3,183.1,0,9
"829",52.3,184.1,0,9
"830",52.3,185.1,0,9
"831",52.3,186.1,0,9
"832",52.3,187.1,0,9
"833",52.3,188.1,0,9
"834",52.3,189.1,0,9
"835",52.3,190.1,0,9
"836",52.3,191.1,0,9
"837",52.3,192.1,0,9
"838",52.3,193.1,0,9
"839",52.3,194.1,0,9
"840",52.3,195.1,0,9
"841",52.3,196.1,0,9
"842",52.3,197.1,0,9
"843",52.3,198.1,0,9
"844",52.3,199.1,0,9
"845",52.3,200.1,0,9
"846",52.3,201.1,0,9
"847",52.3,202.1,0,9
"848",52.3,203.1,0,9
"849",52.3,204.1,0,9
"850",52.3,205.1,0,9
"851",53.3,181.1,0,9
"852",53.3,182.1,0,9
"853",53.3,183.1,0,9
"854",53.3,184.1,0,9
"855",53.3,185.1,0,9
"856",53.3,186.1,0,9
"857",53.3,187.1,0,9
"858",53.3,188.1,0,9
"859",53.3,189.1,0,9
"860",53.3,190.1,0,9
"861",53.3,191.1,0,9
"862",53.3,192.1,0,9
"863",53.3,193.1,0,9
"864",53.3,194.1,0,9
"865",53.3,195.1,0,9
"866",53.3,196.1,0,9
"867",53.3,197.1,0,9
"868",53.3,198.1,0,9
"869",53.3,199.1,0,9
"870",53.3,200.1,0,9
"871",53.3,201.1,0,9
"872",53.3,202.1,0,9
"873",53.3,203.1,0,9
"874",53.3,204.1,0,9
"875",53.3,205.1,0,9
"876",54.3,181.1,0,9
"877",54.3,182.1,0,9
"878",54.3,183.1,0,9
"879",54.3,184.1,0,9
"880",54.3,185.1,0,9
"881",54.3,186.1,0,9
"882",54.3,187.1,0,9
"883",54.3,188.1,0,9
"884",54.3,189.1,0,9
"885",54.3,190.1,0,9
"886",54.3,191.1,0,9
"887",54.3,192.1,0,9
"888",54.3,193.1,0,9
"889",54.3,194.1,87,9
"890",54.3,195.1,0,9
"891",54.3,196.1,0,9
"892",54.3,197.1,0,9
"893",54.3,198.1,0,9
"894",54.3,199.1,0,9
"895",54.3,200.1,0,9
"896",54.3,201.1,0,9
"897",54.3,202.1,0,9
"898",54.3,203.1,0,9
"899",54.3,204.1,0,9
"900",54.3,205.1,0,9
"901",55.3,181.1,0,9
"902",55.3,182.1,0,9
"903",55.3,183.1,0,9
"904",55.3,184.1,0,9
"905",55.3,185.1,0,9
"906",55.3,186.1,0,9
"907",55.3,187.1,0,9
"908",55.3,188.1,0,9
"909",55.3,189.1,0,9
"910",55.3,190.1,76.77,9
"911",55.3,191.1,0,9
"912",55.3,192.1,0,9
"913",55.3,193.1,0,9
"914",55.3,194.1,0,9
"915",55.3,195.1,0,9
"916",55.3,196.1,0,9
"917",55.3,197.1,0,9
"918",55.3,198.1,0,9
"919",55.3,199.1,0,9
"920",55.3,200.1,0,9
"921",55.3,201.1,0,9
"922",55.3,202.1,0,9
"923",55.3,203.1,0,9
"924",55.3,204.1,0,9
"925",55.3,205.1,0,9
"926",56.3,181.1,0,9
"927",56.3,182.1,0,9
"928",56.3,183.1,0,9
"929",56.3,184.1,0,9
"930",56.3,185.1,0,9
"931",56.3,186.1,0,9
"932",56.3,187.1,0,9
"933",56.3,188.1,0,9
"934",56.3,189.1,0,9
"935",56.3,190.1,0,9
"936",56.3,191.1,2965.12,9
"937",56.3,192.1,41724.9,9
"938",56.3,193.1,1390797.3,9
"939",56.3,194.1,3586382.53,9
"940",56.3,195.1,250654.94,9
"941",56.3,196.1,275384.74,9
"942",56.3,197.1,0,9
"943",56.3,198.1,0,9
"944",56.3,199.1,0,9
"945",56.3,200.1,0,9
"946",56.3,201.1,0,9
"947",56.3,202.1,0,9
"948",56.3,203.1,0,9
"949",56.3,204.1,0,9
"950",56.3,205.1,0,9
"951",57.3,181.1,0,9
"952",57.3,182.1,0,9
"953",57.3,183.1,0,9
"954",57.3,184.1,0,9
"955",57.3,185.1,0,9
"956",57.3,186.1,0,9
"957",57.3,187.1,2.5,9
"958",57.3,188.1,0,9
"959",57.3,189.1,254484.34,9
"960",57.3,190.1,1472692.35,9
"961",57.3,191.1,89896.84,9
"962",57.3,192.1,36958.32,9
"963",57.3,193.1,1341303.29,9
"964",57.3,194.1,1766090.47,9
"965",57.3,195.1,291414.29,9
"966",57.3,196.1,0,9
"967",57.3,197.1,0,9
"968",57.3,198.1,0,9
"969",57.3,199.1,0,9
"970",57.3,200.1,0,9
"971",57.3,201.1,0,9
"972",57.3,202.1,0,9
"973",57.3,203.1,0,9
"974",57.3,204.1,0,9
"975",57.3,205.1,0,9
"976",58.3,181.1,0,9
"977",58.3,182.1,0,9
"978",58.3,183.1,0,9
"979",58.3,184.1,0,9
"980",58.3,185.1,0,9
"981",58.3,186.1,0,9
"982",58.3,187.1,7.09,9
"983",58.3,188.1,0,9
"984",58.3,189.1,298990.53,9
"985",58.3,190.1,784589.43,9
"986",58.3,191.1,23085.76,9
"987",58.3,192.1,0,9
"988",58.3,193.1,0,9
"989",58.3,194.1,0,9
"990",58.3,195.1,0,9
"991",58.3,196.1,0,9
"992",58.3,197.1,0,9
"993",58.3,198.1,0,9
"994",58.3,199.1,0,9
"995",58.3,200.1,0,9
"996",58.3,201.1,0,9
"997",58.3,202.1,0,9
"998",58.3,203.1,0,9
"999",58.3,204.1,0,9
"1000",58.3,205.1,0,9
"1001",59.3,181.1,0,9
"1002",59.3,182.1,0,9
"1003",59.3,183.1,0,9
"1004",59.3,184.1,0,9
"1005",59.3,185.1,0,9
"1006",59.3,186.1,0,9
"1007",59.3,187.1,0,9
"1008",59.3,188.1,0,9
"1009",59.3,189.1,0,9
"1010",59.3,190.1,0,9
"1011",59.3,191.1,0,9
"1012",59.3,192.1,0,9
"1013",59.3,193.1,0,9
"1014",59.3,194.1,0,9
"1015",59.3,195.1,0,9
"1016",59.3,196.1,0,9
"1017",59.3,197.1,0,9
"1018",59.3,198.1,0,9
"1019",59.3,199.1,0,9
"1020",59.3,200.1,0,9
"1021",59.3,201.1,0,9
"1022",59.3,202.1,0,9
"1023",59.3,203.1,0,9
"1024",59.3,204.1,0,9
"1025",59.3,205.1,0,9
"1026",60.3,181.1,0,9
"1027",60.3,182.1,0,9
"1028",60.3,183.1,0,9
"1029",60.3,184.1,0,9
"1030",60.3,185.1,0,9
"1031",60.3,186.1,0,9
"1032",60.3,187.1,0,9
"1033",60.3,188.1,0,9
"1034",60.3,189.1,0,9
"1035",60.3,190.1,0,9
"1036",60.3,191.1,0,9
"1037",60.3,192.1,0,9
"1038",60.3,193.1,0,9
"1039",60.3,194.1,0,9
"1040",60.3,195.1,0,9
"1041",60.3,196.1,0,9
"1042",60.3,197.1,0,9
"1043",60.3,198.1,0,9
"1044",60.3,199.1,0,9
"1045",60.3,200.1,0,9
"1046",60.3,201.1,0,9
"1047",60.3,202.1,0,9
"1048",60.3,203.1,0,9
"1049",60.3,204.1,0,9
"1050",60.3,205.1,0,9
"1051",61.3,181.1,0,9
"1052",61.3,182.1,0,9
"1053",61.3,183.1,0,9
"1054",61.3,184.1,0,9
"1055",61.3,185.1,0,9
"1056",61.3,186.1,0,9
"1057",61.3,187.1,0,9
"1058",61.3,188.1,0,9
"1059",61.3,189.1,0,9
"1060",61.3,190.1,0,9
"1061",61.3,191.1,0,9
"1062",61.3,192.1,0,9
"1063",61.3,193.1,0,9
"1064",61.3,194.1,0,9
"1065",61.3,195.1,0,9
"1066",61.3,196.1,0,9
"1067",61.3,197.1,0,9
"1068",61.3,198.1,0,9
"1069",61.3,199.1,0,9
"1070",61.3,200.1,0,9
"1071",61.3,201.1,0,9
"1072",61.3,202.1,0,9
"1073",61.3,203.1,0,9
"1074",61.3,204.1,0,9
"1075",61.3,205.1,0,9
"1076",62.3,181.1,0,9
"1077",62.3,182.1,0,9
"1078",62.3,183.1,0,9
"1079",62.3,184.1,0,9
"1080",62.3,185.1,0,9
"1081",62.3,186.1,0,9
"1082",62.3,187.1,0,9
"1083",62.3,188.1,0,9
"1084",62.3,189.1,0,9
"1085",62.3,190.1,0,9
"1086",62.3,191.1,0,9
"1087",62.3,192.1,0,9
"1088",62.3,193.1,0,9
"1089",62.3,194.1,0,9
"1090",62.3,195.1,0,9
"1091",62.3,196.1,0,9
"1092",62.3,197.1,0,9
"1093",62.3,198.1,0,9
"1094",62.3,199.1,0,9
"1095",62.3,200.1,0,9
"1096",62.3,201.1,0,9
"1097",62.3,202.1,0,9
"1098",62.3,203.1,0,9
"1099",62.3,204.1,0,9
"1100",62.3,205.1,0,9
"1101",52.3,181.1,0,8
"1102",52.3,182.1,0,8
"1103",52.3,183.1,0,8
"1104",52.3,184.1,0,8
"1105",52.3,185.1,0,8
"1106",52.3,186.1,0,8
"1107",52.3,187.1,0,8
"1108",52.3,188.1,0,8
"1109",52.3,189.1,0,8
"1110",52.3,190.1,0,8
"1111",52.3,191.1,0,8
"1112",52.3,192.1,0,8
"1113",52.3,193.1,0,8
"1114",52.3,194.1,0,8
"1115",52.3,195.1,0,8
"1116",52.3,196.1,0,8
"1117",52.3,197.1,0,8
"1118",52.3,198.1,0,8
"1119",52.3,199.1,0,8
"1120",52.3,200.1,0,8
"1121",52.3,201.1,0,8
"1122",52.3,202.1,0,8
"1123",52.3,203.1,0,8
"1124",52.3,204.1,0,8
"1125",52.3,205.1,0,8
"1126",53.3,181.1,0,8
"1127",53.3,182.1,0,8
"1128",53.3,183.1,0,8
"1129",53.3,184.1,0,8
"1130",53.3,185.1,0,8
"1131",53.3,186.1,0,8
"1132",53.3,187.1,0,8
"1133",53.3,188.1,0,8
"1134",53.3,189.1,0,8
"1135",53.3,190.1,0,8
"1136",53.3,191.1,0,8
"1137",53.3,192.1,0,8
"1138",53.3,193.1,0,8
"1139",53.3,194.1,0,8
"1140",53.3,195.1,0,8
"1141",53.3,196.1,0,8
"1142",53.3,197.1,0,8
"1143",53.3,198.1,0,8
"1144",53.3,199.1,0,8
"1145",53.3,200.1,0,8
"1146",53.3,201.1,0,8
"1147",53.3,202.1,0,8
"1148",53.3,203.1,0,8
"1149",53.3,204.1,0,8
"1150",53.3,205.1,0,8
"1151",54.3,181.1,0,8
"1152",54.3,182.1,0,8
"1153",54.3,183.1,0,8
"1154",54.3,184.1,0,8
"1155",54.3,185.1,0,8
"1156",54.3,186.1,0,8
"1157",54.3,187.1,0,8
"1158",54.3,188.1,0,8
"1159",54.3,189.1,0,8
"1160",54.3,190.1,0,8
"1161",54.3,191.1,0,8
"1162",54.3,192.1,45.9,8
"1163",54.3,193.1,4.33,8
"1164",54.3,194.1,0,8
"1165",54.3,195.1,5.29,8
"1166",54.3,196.1,0,8
"1167",54.3,197.1,0,8
"1168",54.3,198.1,0,8
"1169",54.3,199.1,0,8
"1170",54.3,200.1,0,8
"1171",54.3,201.1,0,8
"1172",54.3,202.1,0,8
"1173",54.3,203.1,0,8
"1174",54.3,204.1,0,8
"1175",54.3,205.1,0,8
"1176",55.3,181.1,0,8
"1177",55.3,182.1,0,8
"1178",55.3,183.1,0,8
"1179",55.3,184.1,0,8
"1180",55.3,185.1,0,8
"1181",55.3,186.1,0,8
"1182",55.3,187.1,0,8
"1183",55.3,188.1,0,8
"1184",55.3,189.1,0,8
"1185",55.3,190.1,20.18,8
"1186",55.3,191.1,0,8
"1187",55.3,192.1,0,8
"1188",55.3,193.1,0,8
"1189",55.3,194.1,537.83,8
"1190",55.3,195.1,5.14,8
"1191",55.3,196.1,0,8
"1192",55.3,197.1,0,8
"1193",55.3,198.1,0,8
"1194",55.3,199.1,0,8
"1195",55.3,200.1,0,8
"1196",55.3,201.1,0,8
"1197",55.3,202.1,0,8
"1198",55.3,203.1,0,8
"1199",55.3,204.1,0,8
"1200",55.3,205.1,0,8
"1201",56.3,181.1,0,8
"1202",56.3,182.1,0,8
"1203",56.3,183.1,0,8
"1204",56.3,184.1,0,8
"1205",56.3,185.1,0,8
"1206",56.3,186.1,0,8
"1207",56.3,187.1,0,8
"1208",56.3,188.1,0,8
"1209",56.3,189.1,0,8
"1210",56.3,190.1,0,8
"1211",56.3,191.1,425.75,8
"1212",56.3,192.1,38496.51,8
"1213",56.3,193.1,832459.92,8
"1214",56.3,194.1,465026.27,8
"1215",56.3,195.1,341249.38,8
"1216",56.3,196.1,312091.54,8
"1217",56.3,197.1,0,8
"1218",56.3,198.1,0,8
"1219",56.3,199.1,0,8
"1220",56.3,200.1,0,8
"1221",56.3,201.1,0,8
"1222",56.3,202.1,0,8
"1223",56.3,203.1,0,8
"1224",56.3,204.1,0,8
"1225",56.3,205.1,0,8
"1226",57.3,181.1,0,8
"1227",57.3,182.1,0,8
"1228",57.3,183.1,0,8
"1229",57.3,184.1,0,8
"1230",57.3,185.1,0,8
"1231",57.3,186.1,0,8
"1232",57.3,187.1,27.23,8
"1233",57.3,188.1,2599.95,8
"1234",57.3,189.1,0,8
"1235",57.3,190.1,0,8
"1236",57.3,191.1,14387.64,8
"1237",57.3,192.1,33216.47,8
"1238",57.3,193.1,348734.12,8
"1239",57.3,194.1,318763.58,8
"1240",57.3,195.1,1114058.75,8
"1241",57.3,196.1,133668.12,8
"1242",57.3,197.1,0,8
"1243",57.3,198.1,0,8
"1244",57.3,199.1,0,8
"1245",57.3,200.1,0,8
"1246",57.3,201.1,0,8
"1247",57.3,202.1,0,8
"1248",57.3,203.1,0,8
"1249",57.3,204.1,0,8
"1250",57.3,205.1,0,8
"1251",58.3,181.1,0,8
"1252",58.3,182.1,0,8
"1253",58.3,183.1,0,8
"1254",58.3,184.1,0,8
"1255",58.3,185.1,0,8
"1256",58.3,186.1,1.63,8
"1257",58.3,187.1,6.69,8
"1258",58.3,188.1,58.58,8
"1259",58.3,189.1,0,8
"1260",58.3,190.1,0,8
"1261",58.3,191.1,2734.3,8
"1262",58.3,192.1,12981.85,8
"1263",58.3,193.1,0,8
"1264",58.3,194.1,0,8
"1265",58.3,195.1,0,8
"1266",58.3,196.1,0,8
"1267",58.3,197.1,0,8
"1268",58.3,198.1,0,8
"1269",58.3,199.1,0,8
"1270",58.3,200.1,0,8
"1271",58.3,201.1,0,8
"1272",58.3,202.1,0,8
"1273",58.3,203.1,0,8
"1274",58.3,204.1,0,8
"1275",58.3,205.1,0,8
"1276",59.3,181.1,0,8
"1277",59.3,182.1,0,8
"1278",59.3,183.1,0,8
"1279",59.3,184.1,0,8
"1280",59.3,185.1,0,8
"1281",59.3,186.1,0,8
"1282",59.3,187.1,0,8
"1283",59.3,188.1,0,8
"1284",59.3,189.1,0,8
"1285",59.3,190.1,0,8
"1286",59.3,191.1,0,8
"1287",59.3,192.1,0,8
"1288",59.3,193.1,0,8
"1289",59.3,194.1,0,8
"1290",59.3,195.1,0,8
"1291",59.3,196.1,0,8
"1292",59.3,197.1,0,8
"1293",59.3,198.1,0,8
"1294",59.3,199.1,0,8
"1295",59.3,200.1,0,8
"1296",59.3,201.1,0,8
"1297",59.3,202.1,0,8
"1298",59.3,203.1,0,8
"1299",59.3,204.1,0,8
"1300",59.3,205.1,0,8
"1301",60.3,181.1,0,8
"1302",60.3,182.1,0,8
"1303",60.3,183.1,0,8
"1304",60.3,184.1,0,8
"1305",60.3,185.1,0,8
"1306",60.3,186.1,0,8
"1307",60.3,187.1,0,8
"1308",60.3,188.1,0,8
"1309",60.3,189.1,0,8
"1310",60.3,190.1,0,8
"1311",60.3,191.1,0,8
"1312",60.3,192.1,0,8
"1313",60.3,193.1,0,8
"1314",60.3,194.1,0,8
"1315",60.3,195.1,0,8
"1316",60.3,196.1,0,8
"1317",60.3,197.1,0,8
"1318",60.3,198.1,0,8
"1319",60.3,199.1,0,8
"1320",60.3,200.1,0,8
"1321",60.3,201.1,0,8
"1322",60.3,202.1,0,8
"1323",60.3,203.1,0,8
"1324",60.3,204.1,0,8
"1325",60.3,205.1,0,8
"1326",61.3,181.1,0,8
"1327",61.3,182.1,0,8
"1328",61.3,183.1,0,8
"1329",61.3,184.1,0,8
"1330",61.3,185.1,0,8
"1331",61.3,186.1,0,8
"1332",61.3,187.1,0,8
"1333",61.3,188.1,0,8
"1334",61.3,189.1,0,8
"1335",61.3,190.1,0,8
"1336",61.3,191.1,0,8
"1337",61.3,192.1,0,8
"1338",61.3,193.1,0,8
"1339",61.3,194.1,0,8
"1340",61.3,195.1,0,8
"1341",61.3,196.1,0,8
"1342",61.3,197.1,0,8
"1343",61.3,198.1,0,8
"1344",61.3,199.1,0,8
"1345",61.3,200.1,0,8
"1346",61.3,201.1,0,8
"1347",61.3,202.1,0,8
"1348",61.3,203.1,0,8
"1349",61.3,204.1,0,8
"1350",61.3,205.1,0,8
"1351",62.3,181.1,0,8
"1352",62.3,182.1,0,8
"1353",62.3,183.1,0,8
"1354",62.3,184.1,0,8
"1355",62.3,185.1,0,8
"1356",62.3,186.1,0,8
"1357",62.3,187.1,0,8
"1358",62.3,188.1,0,8
"1359",62.3,189.1,0,8
"1360",62.3,190.1,0,8
"1361",62.3,191.1,0,8
"1362",62.3,192.1,0,8
"1363",62.3,193.1,0,8
"1364",62.3,194.1,0,8
"1365",62.3,195.1,0,8
"1366",62.3,196.1,0,8
"1367",62.3,197.1,0,8
"1368",62.3,198.1,0,8
"1369",62.3,199.1,0,8
"1370",62.3,200.1,0,8
"1371",62.3,201.1,0,8
"1372",62.3,202.1,0,8
"1373",62.3,203.1,0,8
"1374",62.3,204.1,0,8
"1375",62.3,205.1,0,8
"1376",52.3,181.1,0,7
"1377",52.3,182.1,0,7
"1378",52.3,183.1,0,7
"1379",52.3,184.1,0,7
"1380",52.3,185.1,0,7
"1381",52.3,186.1,0,7
"1382",52.3,187.1,0,7
"1383",52.3,188.1,0,7
"1384",52.3,189.1,0,7
"1385",52.3,190.1,0,7
"1386",52.3,191.1,0,7
"1387",52.3,192.1,0,7
"1388",52.3,193.1,0,7
"1389",52.3,194.1,0,7
"1390",52.3,195.1,0,7
"1391",52.3,196.1,0,7
"1392",52.3,197.1,0,7
"1393",52.3,198.1,0,7
"1394",52.3,199.1,0,7
"1395",52.3,200.1,0,7
"1396",52.3,201.1,0,7
"1397",52.3,202.1,0,7
"1398",52.3,203.1,0,7
"1399",52.3,204.1,0,7
"1400",52.3,205.1,0,7
"1401",53.3,181.1,0,7
"1402",53.3,182.1,0,7
"1403",53.3,183.1,0,7
"1404",53.3,184.1,0,7
"1405",53.3,185.1,0,7
"1406",53.3,186.1,0,7
"1407",53.3,187.1,0,7
"1408",53.3,188.1,0,7
"1409",53.3,189.1,0,7
"1410",53.3,190.1,0,7
"1411",53.3,191.1,0,7
"1412",53.3,192.1,0,7
"1413",53.3,193.1,0,7
"1414",53.3,194.1,0,7
"1415",53.3,195.1,0,7
"1416",53.3,196.1,0,7
"1417",53.3,197.1,0,7
"1418",53.3,198.1,0,7
"1419",53.3,199.1,0,7
"1420",53.3,200.1,0,7
"1421",53.3,201.1,0,7
"1422",53.3,202.1,0,7
"1423",53.3,203.1,0,7
"1424",53.3,204.1,0,7
"1425",53.3,205.1,0,7
"1426",54.3,181.1,0,7
"1427",54.3,182.1,0,7
"1428",54.3,183.1,0,7
"1429",54.3,184.1,0,7
"1430",54.3,185.1,0,7
"1431",54.3,186.1,0,7
"1432",54.3,187.1,0,7
"1433",54.3,188.1,0,7
"1434",54.3,189.1,0,7
"1435",54.3,190.1,0,7
"1436",54.3,191.1,0,7
"1437",54.3,192.1,0,7
"1438",54.3,193.1,0,7
"1439",54.3,194.1,15.93,7
"1440",54.3,195.1,6.55,7
"1441",54.3,196.1,0,7
"1442",54.3,197.1,0,7
"1443",54.3,198.1,0,7
"1444",54.3,199.1,0,7
"1445",54.3,200.1,0,7
"1446",54.3,201.1,0,7
"1447",54.3,202.1,0,7
"1448",54.3,203.1,0,7
"1449",54.3,204.1,0,7
"1450",54.3,205.1,0,7
"1451",55.3,181.1,0,7
"1452",55.3,182.1,0,7
"1453",55.3,183.1,0,7
"1454",55.3,184.1,0,7
"1455",55.3,185.1,0,7
"1456",55.3,186.1,0,7
"1457",55.3,187.1,0,7
"1458",55.3,188.1,0,7
"1459",55.3,189.1,0,7
"1460",55.3,190.1,43.22,7
"1461",55.3,191.1,8.36,7
"1462",55.3,192.1,1.01,7
"1463",55.3,193.1,0,7
"1464",55.3,194.1,451.8,7
"1465",55.3,195.1,338.92,7
"1466",55.3,196.1,0,7
"1467",55.3,197.1,0,7
"1468",55.3,198.1,0,7
"1469",55.3,199.1,0,7
"1470",55.3,200.1,0,7
"1471",55.3,201.1,0,7
"1472",55.3,202.1,0,7
"1473",55.3,203.1,0,7
"1474",55.3,204.1,0,7
"1475",55.3,205.1,0,7
"1476",56.3,181.1,0,7
"1477",56.3,182.1,0,7
"1478",56.3,183.1,0,7
"1479",56.3,184.1,0,7
"1480",56.3,185.1,0,7
"1481",56.3,186.1,0,7
"1482",56.3,187.1,0,7
"1483",56.3,188.1,0,7
"1484",56.3,189.1,0,7
"1485",56.3,190.1,0,7
"1486",56.3,191.1,0,7
"1487",56.3,192.1,266669.31,7
"1488",56.3,193.1,227651.3,7
"1489",56.3,194.1,129793.19,7
"1490",56.3,195.1,94.18,7
"1491",56.3,196.1,0,7
"1492",56.3,197.1,0,7
"1493",56.3,198.1,0,7
"1494",56.3,199.1,0,7
"1495",56.3,200.1,0,7
"1496",56.3,201.1,0,7
"1497",56.3,202.1,0,7
"1498",56.3,203.1,0,7
"1499",56.3,204.1,0,7
"1500",56.3,205.1,0,7
"1501",57.3,181.1,0,7
"1502",57.3,182.1,0,7
"1503",57.3,183.1,0,7
"1504",57.3,184.1,0,7
"1505",57.3,185.1,0,7
"1506",57.3,186.1,0,7
"1507",57.3,187.1,2.12,7
"1508",57.3,188.1,2.28,7
"1509",57.3,189.1,0,7
"1510",57.3,190.1,0,7
"1511",57.3,191.1,0,7
"1512",57.3,192.1,0,7
"1513",57.3,193.1,0,7
"1514",57.3,194.1,0,7
"1515",57.3,195.1,0,7
"1516",57.3,196.1,0,7
"1517",57.3,197.1,0,7
"1518",57.3,198.1,0,7
"1519",57.3,199.1,0,7
"1520",57.3,200.1,0,7
"1521",57.3,201.1,0,7
"1522",57.3,202.1,0,7
"1523",57.3,203.1,0,7
"1524",57.3,204.1,0,7
"1525",57.3,205.1,0,7
"1526",58.3,181.1,0,7
"1527",58.3,182.1,0,7
"1528",58.3,183.1,0,7
"1529",58.3,184.1,0,7
"1530",58.3,185.1,0,7
"1531",58.3,186.1,0,7
"1532",58.3,187.1,10.07,7
"1533",58.3,188.1,0,7
"1534",58.3,189.1,0,7
"1535",58.3,190.1,0,7
"1536",58.3,191.1,0,7
"1537",58.3,192.1,0,7
"1538",58.3,193.1,0,7
"1539",58.3,194.1,0,7
"1540",58.3,195.1,0,7
"1541",58.3,196.1,0,7
"1542",58.3,197.1,0,7
"1543",58.3,198.1,0,7
"1544",58.3,199.1,0,7
"1545",58.3,200.1,0,7
"1546",58.3,201.1,0,7
"1547",58.3,202.1,0,7
"1548",58.3,203.1,0,7
"1549",58.3,204.1,0,7
"1550",58.3,205.1,0,7
"1551",59.3,181.1,0,7
"1552",59.3,182.1,0,7
"1553",59.3,183.1,0,7
"1554",59.3,184.1,0,7
"1555",59.3,185.1,0,7
"1556",59.3,186.1,0,7
"1557",59.3,187.1,0,7
"1558",59.3,188.1,0,7
"1559",59.3,189.1,0,7
"1560",59.3,190.1,0,7
"1561",59.3,191.1,0,7
"1562",59.3,192.1,0,7
"1563",59.3,193.1,0,7
"1564",59.3,194.1,0,7
"1565",59.3,195.1,0,7
"1566",59.3,196.1,0,7
"1567",59.3,197.1,0,7
"1568",59.3,198.1,0,7
"1569",59.3,199.1,0,7
"1570",59.3,200.1,0,7
"1571",59.3,201.1,0,7
"1572",59.3,202.1,0,7
"1573",59.3,203.1,0,7
"1574",59.3,204.1,0,7
"1575",59.3,205.1,0,7
"1576",60.3,181.1,0,7
"1577",60.3,182.1,0,7
"1578",60.3,183.1,0,7
"1579",60.3,184.1,0,7
"1580",60.3,185.1,0,7
"1581",60.3,186.1,0,7
"1582",60.3,187.1,0,7
"1583",60.3,188.1,0,7
"1584",60.3,189.1,0,7
"1585",60.3,190.1,0,7
"1586",60.3,191.1,0,7
"1587",60.3,192.1,0,7
"1588",60.3,193.1,0,7
"1589",60.3,194.1,0,7
"1590",60.3,195.1,0,7
"1591",60.3,196.1,0,7
"1592",60.3,197.1,0,7
"1593",60.3,198.1,0,7
"1594",60.3,199.1,0,7
"1595",60.3,200.1,0,7
"1596",60.3,201.1,0,7
"1597",60.3,202.1,0,7
"1598",60.3,203.1,0,7
"1599",60.3,204.1,0,7
"1600",60.3,205.1,0,7
"1601",61.3,181.1,0,7
"1602",61.3,182.1,0,7
"1603",61.3,183.1,0,7
"1604",61.3,184.1,0,7
"1605",61.3,185.1,0,7
"1606",61.3,186.1,0,7
"1607",61.3,187.1,0,7
"1608",61.3,188.1,0,7
"1609",61.3,189.1,0,7
"1610",61.3,190.1,0,7
"1611",61.3,191.1,0,7
"1612",61.3,192.1,0,7
"1613",61.3,193.1,0,7
"1614",61.3,194.1,0,7
"1615",61.3,195.1,0,7
"1616",61.3,196.1,0,7
"1617",61.3,197.1,0,7
"1618",61.3,198.1,0,7
"1619",61.3,199.1,0,7
"1620",61.3,200.1,0,7
"1621",61.3,201.1,0,7
"1622",61.3,202.1,0,7
"1623",61.3,203.1,0,7
"1624",61.3,204.1,0,7
"1625",61.3,205.1,0,7
"1626",62.3,181.1,0,7
"1627",62.3,182.1,0,7
"1628",62.3,183.1,0,7
"1629",62.3,184.1,0,7
"1630",62.3,185.1,0,7
"1631",62.3,186.1,0,7
"1632",62.3,187.1,0,7
"1633",62.3,188.1,0,7
"1634",62.3,189.1,0,7
"1635",62.3,190.1,0,7
"1636",62.3,191.1,0,7
"1637",62.3,192.1,0,7
"1638",62.3,193.1,0,7
"1639",62.3,194.1,0,7
"1640",62.3,195.1,0,7
"1641",62.3,196.1,0,7
"1642",62.3,197.1,0,7
"1643",62.3,198.1,0,7
"1644",62.3,199.1,0,7
"1645",62.3,200.1,0,7
"1646",62.3,201.1,0,7
"1647",62.3,202.1,0,7
"1648",62.3,203.1,0,7
"1649",62.3,204.1,0,7
"1650",62.3,205.1,0,7
"1651",52.3,181.1,0,6
"1652",52.3,182.1,0,6
"1653",52.3,183.1,0,6
"1654",52.3,184.1,0,6
"1655",52.3,185.1,0,6
"1656",52.3,186.1,0,6
"1657",52.3,187.1,0,6
"1658",52.3,188.1,0,6
"1659",52.3,189.1,0,6
"1660",52.3,190.1,0,6
"1661",52.3,191.1,0,6
"1662",52.3,192.1,0,6
"1663",52.3,193.1,0,6
"1664",52.3,194.1,0,6
"1665",52.3,195.1,0,6
"1666",52.3,196.1,0,6
"1667",52.3,197.1,0,6
"1668",52.3,198.1,0,6
"1669",52.3,199.1,0,6
"1670",52.3,200.1,0,6
"1671",52.3,201.1,0,6
"1672",52.3,202.1,0,6
"1673",52.3,203.1,0,6
"1674",52.3,204.1,0,6
"1675",52.3,205.1,0,6
"1676",53.3,181.1,0,6
"1677",53.3,182.1,0,6
"1678",53.3,183.1,0,6
"1679",53.3,184.1,0,6
"1680",53.3,185.1,0,6
"1681",53.3,186.1,0,6
"1682",53.3,187.1,0,6
"1683",53.3,188.1,0,6
"1684",53.3,189.1,0,6
"1685",53.3,190.1,0,6
"1686",53.3,191.1,0,6
"1687",53.3,192.1,0,6
"1688",53.3,193.1,0,6
"1689",53.3,194.1,0,6
"1690",53.3,195.1,0,6
"1691",53.3,196.1,0,6
"1692",53.3,197.1,0,6
"1693",53.3,198.1,0,6
"1694",53.3,199.1,0,6
"1695",53.3,200.1,0,6
"1696",53.3,201.1,0,6
"1697",53.3,202.1,0,6
"1698",53.3,203.1,0,6
"1699",53.3,204.1,0,6
"1700",53.3,205.1,0,6
"1701",54.3,181.1,0,6
"1702",54.3,182.1,0,6
"1703",54.3,183.1,0,6
"1704",54.3,184.1,0,6
"1705",54.3,185.1,0,6
"1706",54.3,186.1,0,6
"1707",54.3,187.1,0,6
"1708",54.3,188.1,0,6
"1709",54.3,189.1,0,6
"1710",54.3,190.1,0,6
"1711",54.3,191.1,0,6
"1712",54.3,192.1,0,6
"1713",54.3,193.1,0,6
"1714",54.3,194.1,0,6
"1715",54.3,195.1,0,6
"1716",54.3,196.1,0,6
"1717",54.3,197.1,0,6
"1718",54.3,198.1,0,6
"1719",54.3,199.1,0,6
"1720",54.3,200.1,0,6
"1721",54.3,201.1,0,6
"1722",54.3,202.1,0,6
"1723",54.3,203.1,0,6
"1724",54.3,204.1,0,6
"1725",54.3,205.1,0,6
"1726",55.3,181.1,0,6
"1727",55.3,182.1,0,6
"1728",55.3,183.1,0,6
"1729",55.3,184.1,0,6
"1730",55.3,185.1,0,6
"1731",55.3,186.1,0,6
"1732",55.3,187.1,0,6
"1733",55.3,188.1,0,6
"1734",55.3,189.1,0,6
"1735",55.3,190.1,0,6
"1736",55.3,191.1,157.71,6
"1737",55.3,192.1,0,6
"1738",55.3,193.1,0,6
"1739",55.3,194.1,148.11,6
"1740",55.3,195.1,0,6
"1741",55.3,196.1,0,6
"1742",55.3,197.1,0,6
"1743",55.3,198.1,0,6
"1744",55.3,199.1,0,6
"1745",55.3,200.1,0,6
"1746",55.3,201.1,0,6
"1747",55.3,202.1,0,6
"1748",55.3,203.1,0,6
"1749",55.3,204.1,0,6
"1750",55.3,205.1,0,6
"1751",56.3,181.1,0,6
"1752",56.3,182.1,0,6
"1753",56.3,183.1,0,6
"1754",56.3,184.1,0,6
"1755",56.3,185.1,0,6
"1756",56.3,186.1,0,6
"1757",56.3,187.1,0,6
"1758",56.3,188.1,13.66,6
"1759",56.3,189.1,0,6
"1760",56.3,190.1,0,6
"1761",56.3,191.1,22339.12,6
"1762",56.3,192.1,43510.16,6
"1763",56.3,193.1,37293.74,6
"1764",56.3,194.1,0,6
"1765",56.3,195.1,0,6
"1766",56.3,196.1,0,6
"1767",56.3,197.1,0,6
"1768",56.3,198.1,0,6
"1769",56.3,199.1,0,6
"1770",56.3,200.1,0,6
"1771",56.3,201.1,0,6
"1772",56.3,202.1,0,6
"1773",56.3,203.1,0,6
"1774",56.3,204.1,0,6
"1775",56.3,205.1,0,6
"1776",57.3,181.1,0,6
"1777",57.3,182.1,0,6
"1778",57.3,183.1,0,6
"1779",57.3,184.1,0,6
"1780",57.3,185.1,0,6
"1781",57.3,186.1,0,6
"1782",57.3,187.1,0,6
"1783",57.3,188.1,1637.42,6
"1784",57.3,189.1,47.79,6
"1785",57.3,190.1,0,6
"1786",57.3,191.1,863.87,6
"1787",57.3,192.1,3330.59,6
"1788",57.3,193.1,0,6
"1789",57.3,194.1,0,6
"1790",57.3,195.1,2007.04,6
"1791",57.3,196.1,0,6
"1792",57.3,197.1,0,6
"1793",57.3,198.1,0,6
"1794",57.3,199.1,64753.09,6
"1795",57.3,200.1,1467504.49,6
"1796",57.3,201.1,0,6
"1797",57.3,202.1,0,6
"1798",57.3,203.1,0,6
"1799",57.3,204.1,0,6
"1800",57.3,205.1,0,6
"1801",58.3,181.1,0,6
"1802",58.3,182.1,0,6
"1803",58.3,183.1,0,6
"1804",58.3,184.1,0,6
"1805",58.3,185.1,0,6
"1806",58.3,186.1,0,6
"1807",58.3,187.1,0,6
"1808",58.3,188.1,0,6
"1809",58.3,189.1,0,6
"1810",58.3,190.1,0,6
"1811",58.3,191.1,0,6
"1812",58.3,192.1,0,6
"1813",58.3,193.1,0,6
"1814",58.3,194.1,0,6
"1815",58.3,195.1,28404.46,6
"1816",58.3,196.1,0,6
"1817",58.3,197.1,0,6
"1818",58.3,198.1,0,6
"1819",58.3,199.1,345635.89,6
"1820",58.3,200.1,2447317.5,6
"1821",58.3,201.1,0,6
"1822",58.3,202.1,0,6
"1823",58.3,203.1,0,6
"1824",58.3,204.1,0,6
"1825",58.3,205.1,0,6
"1826",59.3,181.1,0,6
"1827",59.3,182.1,0,6
"1828",59.3,183.1,0,6
"1829",59.3,184.1,0,6
"1830",59.3,185.1,0,6
"1831",59.3,186.1,0,6
"1832",59.3,187.1,0,6
"1833",59.3,188.1,0,6
"1834",59.3,189.1,0,6
"1835",59.3,190.1,0,6
"1836",59.3,191.1,0,6
"1837",59.3,192.1,0,6
"1838",59.3,193.1,0,6
"1839",59.3,194.1,0,6
"1840",59.3,195.1,0,6
"1841",59.3,196.1,0,6
"1842",59.3,197.1,0,6
"1843",59.3,198.1,0,6
"1844",59.3,199.1,0,6
"1845",59.3,200.1,0,6
"1846",59.3,201.1,0,6
"1847",59.3,202.1,0,6
"1848",59.3,203.1,0,6
"1849",59.3,204.1,0,6
"1850",59.3,205.1,0,6
"1851",60.3,181.1,0,6
"1852",60.3,182.1,0,6
"1853",60.3,183.1,0,6
"1854",60.3,184.1,0,6
"1855",60.3,185.1,0,6
"1856",60.3,186.1,0,6
"1857",60.3,187.1,0,6
"1858",60.3,188.1,0,6
"1859",60.3,189.1,0,6
"1860",60.3,190.1,0,6
"1861",60.3,191.1,0,6
"1862",60.3,192.1,0,6
"1863",60.3,193.1,0,6
"1864",60.3,194.1,0,6
"1865",60.3,195.1,0,6
"1866",60.3,196.1,0,6
"1867",60.3,197.1,0,6
"1868",60.3,198.1,0,6
"1869",60.3,199.1,0,6
"1870",60.3,200.1,0,6
"1871",60.3,201.1,0,6
"1872",60.3,202.1,0,6
"1873",60.3,203.1,0,6
"1874",60.3,204.1,0,6
"1875",60.3,205.1,0,6
"1876",61.3,181.1,0,6
"1877",61.3,182.1,0,6
"1878",61.3,183.1,0,6
"1879",61.3,184.1,0,6
"1880",61.3,185.1,0,6
"1881",61.3,186.1,0,6
"1882",61.3,187.1,0,6
"1883",61.3,188.1,0,6
"1884",61.3,189.1,0,6
"1885",61.3,190.1,0,6
"1886",61.3,191.1,0,6
"1887",61.3,192.1,0,6
"1888",61.3,193.1,0,6
"1889",61.3,194.1,0,6
"1890",61.3,195.1,0,6
"1891",61.3,196.1,0,6
"1892",61.3,197.1,0,6
"1893",61.3,198.1,0,6
"1894",61.3,199.1,0,6
"1895",61.3,200.1,0,6
"1896",61.3,201.1,0,6
"1897",61.3,202.1,0,6
"1898",61.3,203.1,0,6
"1899",61.3,204.1,0,6
"1900",61.3,205.1,0,6
"1901",62.3,181.1,0,6
"1902",62.3,182.1,0,6
"1903",62.3,183.1,0,6
"1904",62.3,184.1,0,6
"1905",62.3,185.1,0,6
"1906",62.3,186.1,0,6
"1907",62.3,187.1,0,6
"1908",62.3,188.1,0,6
"1909",62.3,189.1,0,6
"1910",62.3,190.1,0,6
"1911",62.3,191.1,0,6
"1912",62.3,192.1,0,6
"1913",62.3,193.1,0,6
"1914",62.3,194.1,0,6
"1915",62.3,195.1,0,6
"1916",62.3,196.1,0,6
"1917",62.3,197.1,0,6
"1918",62.3,198.1,0,6
"1919",62.3,199.1,0,6
"1920",62.3,200.1,0,6
"1921",62.3,201.1,0,6
"1922",62.3,202.1,0,6
"1923",62.3,203.1,0,6
"1924",62.3,204.1,0,6
"1925",62.3,205.1,0,6
"1926",52.3,181.1,0,5
"1927",52.3,182.1,0,5
"1928",52.3,183.1,0,5
"1929",52.3,184.1,0,5
"1930",52.3,185.1,0,5
"1931",52.3,186.1,0,5
"1932",52.3,187.1,0,5
"1933",52.3,188.1,0,5
"1934",52.3,189.1,0,5
"1935",52.3,190.1,0,5
"1936",52.3,191.1,0,5
"1937",52.3,192.1,0,5
"1938",52.3,193.1,0,5
"1939",52.3,194.1,0,5
"1940",52.3,195.1,0,5
"1941",52.3,196.1,0,5
"1942",52.3,197.1,0,5
"1943",52.3,198.1,0,5
"1944",52.3,199.1,0,5
"1945",52.3,200.1,0,5
"1946",52.3,201.1,0,5
"1947",52.3,202.1,0,5
"1948",52.3,203.1,0,5
"1949",52.3,204.1,0,5
"1950",52.3,205.1,0,5
"1951",53.3,181.1,0,5
"1952",53.3,182.1,0,5
"1953",53.3,183.1,0,5
"1954",53.3,184.1,0,5
"1955",53.3,185.1,0,5
"1956",53.3,186.1,0,5
"1957",53.3,187.1,0,5
"1958",53.3,188.1,0,5
"1959",53.3,189.1,0,5
"1960",53.3,190.1,0,5
"1961",53.3,191.1,0,5
"1962",53.3,192.1,0,5
"1963",53.3,193.1,0,5
"1964",53.3,194.1,0,5
"1965",53.3,195.1,0,5
"1966",53.3,196.1,0,5
"1967",53.3,197.1,0,5
"1968",53.3,198.1,0,5
"1969",53.3,199.1,0,5
"1970",53.3,200.1,0,5
"1971",53.3,201.1,0,5
"1972",53.3,202.1,0,5
"1973",53.3,203.1,0,5
"1974",53.3,204.1,0,5
"1975",53.3,205.1,0,5
"1976",54.3,181.1,0,5
"1977",54.3,182.1,0,5
"1978",54.3,183.1,0,5
"1979",54.3,184.1,0,5
"1980",54.3,185.1,0,5
"1981",54.3,186.1,0,5
"1982",54.3,187.1,0,5
"1983",54.3,188.1,0,5
"1984",54.3,189.1,0,5
"1985",54.3,190.1,0,5
"1986",54.3,191.1,0,5
"1987",54.3,192.1,0,5
"1988",54.3,193.1,0,5
"1989",54.3,194.1,0,5
"1990",54.3,195.1,0,5
"1991",54.3,196.1,0,5
"1992",54.3,197.1,0,5
"1993",54.3,198.1,0,5
"1994",54.3,199.1,0,5
"1995",54.3,200.1,0,5
"1996",54.3,201.1,0,5
"1997",54.3,202.1,0,5
"1998",54.3,203.1,0,5
"1999",54.3,204.1,0,5
"2000",54.3,205.1,0,5
"2001",55.3,181.1,0,5
"2002",55.3,182.1,0,5
"2003",55.3,183.1,0,5
"2004",55.3,184.1,0,5
"2005",55.3,185.1,0,5
"2006",55.3,186.1,0,5
"2007",55.3,187.1,0,5
"2008",55.3,188.1,0,5
"2009",55.3,189.1,0,5
"2010",55.3,190.1,0,5
"2011",55.3,191.1,0,5
"2012",55.3,192.1,0,5
"2013",55.3,193.1,0,5
"2014",55.3,194.1,0,5
"2015",55.3,195.1,0,5
"2016",55.3,196.1,0,5
"2017",55.3,197.1,0,5
"2018",55.3,198.1,0,5
"2019",55.3,199.1,0,5
"2020",55.3,200.1,0,5
"2021",55.3,201.1,0,5
"2022",55.3,202.1,0,5
"2023",55.3,203.1,0,5
"2024",55.3,204.1,0,5
"2025",55.3,205.1,0,5
"2026",56.3,181.1,0,5
"2027",56.3,182.1,0,5
"2028",56.3,183.1,0,5
"2029",56.3,184.1,0,5
"2030",56.3,185.1,0,5
"2031",56.3,186.1,0,5
"2032",56.3,187.1,0,5
"2033",56.3,188.1,0,5
"2034",56.3,189.1,102.32,5
"2035",56.3,190.1,0,5
"2036",56.3,191.1,0,5
"2037",56.3,192.1,0,5
"2038",56.3,193.1,25.24,5
"2039",56.3,194.1,1954.79,5
"2040",56.3,195.1,0,5
"2041",56.3,196.1,0,5
"2042",56.3,197.1,0,5
"2043",56.3,198.1,0,5
"2044",56.3,199.1,0,5
"2045",56.3,200.1,0,5
"2046",56.3,201.1,0,5
"2047",56.3,202.1,0,5
"2048",56.3,203.1,0,5
"2049",56.3,204.1,0,5
"2050",56.3,205.1,0,5
"2051",57.3,181.1,0,5
"2052",57.3,182.1,0,5
"2053",57.3,183.1,0,5
"2054",57.3,184.1,0,5
"2055",57.3,185.1,0,5
"2056",57.3,186.1,0,5
"2057",57.3,187.1,0,5
"2058",57.3,188.1,80.67,5
"2059",57.3,189.1,100.96,5
"2060",57.3,190.1,0,5
"2061",57.3,191.1,0,5
"2062",57.3,192.1,0,5
"2063",57.3,193.1,0,5
"2064",57.3,194.1,0,5
"2065",57.3,195.1,191873.29,5
"2066",57.3,196.1,166250.12,5
"2067",57.3,197.1,0,5
"2068",57.3,198.1,0,5
"2069",57.3,199.1,0,5
"2070",57.3,200.1,1822755.8,5
"2071",57.3,201.1,0,5
"2072",57.3,202.1,0,5
"2073",57.3,203.1,0,5
"2074",57.3,204.1,0,5
"2075",57.3,205.1,0,5
"2076",58.3,181.1,0,5
"2077",58.3,182.1,0,5
"2078",58.3,183.1,0,5
"2079",58.3,184.1,0,5
"2080",58.3,185.1,0,5
"2081",58.3,186.1,0,5
"2082",58.3,187.1,0,5
"2083",58.3,188.1,0,5
"2084",58.3,189.1,0,5
"2085",58.3,190.1,0,5
"2086",58.3,191.1,0,5
"2087",58.3,192.1,0,5
"2088",58.3,193.1,96264.11,5
"2089",58.3,194.1,970733.48,5
"2090",58.3,195.1,2486405.7,5
"2091",58.3,196.1,1734365.15,5
"2092",58.3,197.1,150070.53,5
"2093",58.3,198.1,0,5
"2094",58.3,199.1,0,5
"2095",58.3,200.1,9302575.61,5
"2096",58.3,201.1,0,5
"2097",58.3,202.1,0,5
"2098",58.3,203.1,0,5
"2099",58.3,204.1,0,5
"2100",58.3,205.1,0,5
"2101",59.3,181.1,0,5
"2102",59.3,182.1,234.48,5
"2103",59.3,183.1,0,5
"2104",59.3,184.1,0,5
"2105",59.3,185.1,0,5
"2106",59.3,186.1,0,5
"2107",59.3,187.1,0,5
"2108",59.3,188.1,0,5
"2109",59.3,189.1,0,5
"2110",59.3,190.1,0,5
"2111",59.3,191.1,0,5
"2112",59.3,192.1,0,5
"2113",59.3,193.1,0,5
"2114",59.3,194.1,0,5
"2115",59.3,195.1,0,5
"2116",59.3,196.1,0,5
"2117",59.3,197.1,0,5
"2118",59.3,198.1,0,5
"2119",59.3,199.1,0,5
"2120",59.3,200.1,0,5
"2121",59.3,201.1,0,5
"2122",59.3,202.1,0,5
"2123",59.3,203.1,0,5
"2124",59.3,204.1,0,5
"2125",59.3,205.1,0,5
"2126",60.3,181.1,25.25,5
"2127",60.3,182.1,0,5
"2128",60.3,183.1,0,5
"2129",60.3,184.1,0,5
"2130",60.3,185.1,0,5
"2131",60.3,186.1,0,5
"2132",60.3,187.1,0,5
"2133",60.3,188.1,0,5
"2134",60.3,189.1,0,5
"2135",60.3,190.1,0,5
"2136",60.3,191.1,0,5
"2137",60.3,192.1,0,5
"2138",60.3,193.1,0,5
"2139",60.3,194.1,0,5
"2140",60.3,195.1,0,5
"2141",60.3,196.1,0,5
"2142",60.3,197.1,0,5
"2143",60.3,198.1,0,5
"2144",60.3,199.1,0,5
"2145",60.3,200.1,0,5
"2146",60.3,201.1,0,5
"2147",60.3,202.1,0,5
"2148",60.3,203.1,0,5
"2149",60.3,204.1,0,5
"2150",60.3,205.1,0,5
"2151",61.3,181.1,0,5
"2152",61.3,182.1,0,5
"2153",61.3,183.1,0,5
"2154",61.3,184.1,0,5
"2155",61.3,185.1,0,5
"2156",61.3,186.1,0,5
"2157",61.3,187.1,0,5
"2158",61.3,188.1,0,5
"2159",61.3,189.1,0,5
"2160",61.3,190.1,0,5
"2161",61.3,191.1,0,5
"2162",61.3,192.1,0,5
"2163",61.3,193.1,0,5
"2164",61.3,194.1,0,5
"2165",61.3,195.1,0,5
"2166",61.3,196.1,0,5
"2167",61.3,197.1,0,5
"2168",61.3,198.1,0,5
"2169",61.3,199.1,0,5
"2170",61.3,200.1,0,5
"2171",61.3,201.1,0,5
"2172",61.3,202.1,0,5
"2173",61.3,203.1,0,5
"2174",61.3,204.1,0,5
"2175",61.3,205.1,0,5
"2176",62.3,181.1,0,5
"2177",62.3,182.1,0,5
"2178",62.3,183.1,0,5
"2179",62.3,184.1,0,5
"2180",62.3,185.1,0,5
"2181",62.3,186.1,0,5
"2182",62.3,187.1,0,5
"2183",62.3,188.1,0,5
"2184",62.3,189.1,0,5
"2185",62.3,190.1,0,5
"2186",62.3,191.1,0,5
"2187",62.3,192.1,0,5
"2188",62.3,193.1,0,5
"2189",62.3,194.1,0,5
"2190",62.3,195.1,0,5
"2191",62.3,196.1,0,5
"2192",62.3,197.1,0,5
"2193",62.3,198.1,0,5
"2194",62.3,199.1,0,5
"2195",62.3,200.1,0,5
"2196",62.3,201.1,0,5
"2197",62.3,202.1,0,5
"2198",62.3,203.1,0,5
"2199",62.3,204.1,0,5
"2200",62.3,205.1,0,5
"2201",52.3,181.1,0,4
"2202",52.3,182.1,0,4
"2203",52.3,183.1,0,4
"2204",52.3,184.1,0,4
"2205",52.3,185.1,0,4
"2206",52.3,186.1,0,4
"2207",52.3,187.1,0,4
"2208",52.3,188.1,0,4
"2209",52.3,189.1,0,4
"2210",52.3,190.1,0,4
"2211",52.3,191.1,0,4
"2212",52.3,192.1,0,4
"2213",52.3,193.1,0,4
"2214",52.3,194.1,0,4
"2215",52.3,195.1,0,4
"2216",52.3,196.1,0,4
"2217",52.3,197.1,0,4
"2218",52.3,198.1,0,4
"2219",52.3,199.1,0,4
"2220",52.3,200.1,0,4
"2221",52.3,201.1,0,4
"2222",52.3,202.1,0,4
"2223",52.3,203.1,0,4
"2224",52.3,204.1,0,4
"2225",52.3,205.1,0,4
"2226",53.3,181.1,0,4
"2227",53.3,182.1,0,4
"2228",53.3,183.1,0,4
"2229",53.3,184.1,0,4
"2230",53.3,185.1,0,4
"2231",53.3,186.1,0,4
"2232",53.3,187.1,0,4
"2233",53.3,188.1,0,4
"2234",53.3,189.1,0,4
"2235",53.3,190.1,0,4
"2236",53.3,191.1,0,4
"2237",53.3,192.1,0,4
"2238",53.3,193.1,0,4
"2239",53.3,194.1,0,4
"2240",53.3,195.1,0,4
"2241",53.3,196.1,0,4
"2242",53.3,197.1,0,4
"2243",53.3,198.1,0,4
"2244",53.3,199.1,0,4
"2245",53.3,200.1,0,4
"2246",53.3,201.1,0,4
"2247",53.3,202.1,0,4
"2248",53.3,203.1,0,4
"2249",53.3,204.1,0,4
"2250",53.3,205.1,0,4
"2251",54.3,181.1,0,4
"2252",54.3,182.1,0,4
"2253",54.3,183.1,0,4
"2254",54.3,184.1,0,4
"2255",54.3,185.1,0,4
"2256",54.3,186.1,0,4
"2257",54.3,187.1,0,4
"2258",54.3,188.1,0,4
"2259",54.3,189.1,0,4
"2260",54.3,190.1,0,4
"2261",54.3,191.1,0,4
"2262",54.3,192.1,0,4
"2263",54.3,193.1,11.98,4
"2264",54.3,194.1,107.29,4
"2265",54.3,195.1,3665.06,4
"2266",54.3,196.1,0,4
"2267",54.3,197.1,0,4
"2268",54.3,198.1,0,4
"2269",54.3,199.1,0,4
"2270",54.3,200.1,0,4
"2271",54.3,201.1,0,4
"2272",54.3,202.1,0,4
"2273",54.3,203.1,0,4
"2274",54.3,204.1,0,4
"2275",54.3,205.1,0,4
"2276",55.3,181.1,0,4
"2277",55.3,182.1,0,4
"2278",55.3,183.1,0,4
"2279",55.3,184.1,0,4
"2280",55.3,185.1,0,4
"2281",55.3,186.1,0,4
"2282",55.3,187.1,0,4
"2283",55.3,188.1,0,4
"2284",55.3,189.1,0,4
"2285",55.3,190.1,0,4
"2286",55.3,191.1,0,4
"2287",55.3,192.1,0,4
"2288",55.3,193.1,0,4
"2289",55.3,194.1,0,4
"2290",55.3,195.1,5410.3,4
"2291",55.3,196.1,1235.91,4
"2292",55.3,197.1,0,4
"2293",55.3,198.1,0,4
"2294",55.3,199.1,0,4
"2295",55.3,200.1,0,4
"2296",55.3,201.1,0,4
"2297",55.3,202.1,0,4
"2298",55.3,203.1,0,4
"2299",55.3,204.1,0,4
"2300",55.3,205.1,0,4
"2301",56.3,181.1,0,4
"2302",56.3,182.1,0,4
"2303",56.3,183.1,0,4
"2304",56.3,184.1,0,4
"2305",56.3,185.1,0,4
"2306",56.3,186.1,0,4
"2307",56.3,187.1,0,4
"2308",56.3,188.1,0,4
"2309",56.3,189.1,1.05,4
"2310",56.3,190.1,0,4
"2311",56.3,191.1,0,4
"2312",56.3,192.1,26.98,4
"2313",56.3,193.1,742.59,4
"2314",56.3,194.1,41069.28,4
"2315",56.3,195.1,3240313.53,4
"2316",56.3,196.1,2025646.07,4
"2317",56.3,197.1,0,4
"2318",56.3,198.1,0,4
"2319",56.3,199.1,0,4
"2320",56.3,200.1,0,4
"2321",56.3,201.1,0,4
"2322",56.3,202.1,0,4
"2323",56.3,203.1,0,4
"2324",56.3,204.1,0,4
"2325",56.3,205.1,0,4
"2326",57.3,181.1,0,4
"2327",57.3,182.1,0,4
"2328",57.3,183.1,0,4
"2329",57.3,184.1,0,4
"2330",57.3,185.1,0,4
"2331",57.3,186.1,0,4
"2332",57.3,187.1,0,4
"2333",57.3,188.1,0,4
"2334",57.3,189.1,6679.9,4
"2335",57.3,190.1,25409.81,4
"2336",57.3,191.1,265605.8,4
"2337",57.3,192.1,400231.53,4
"2338",57.3,193.1,38784.93,4
"2339",57.3,194.1,64668.02,4
"2340",57.3,195.1,2522821.24,4
"2341",57.3,196.1,4034268.66,4
"2342",57.3,197.1,186947.3,4
"2343",57.3,198.1,0,4
"2344",57.3,199.1,0,4
"2345",57.3,200.1,0,4
"2346",57.3,201.1,0,4
"2347",57.3,202.1,0,4
"2348",57.3,203.1,0,4
"2349",57.3,204.1,0,4
"2350",57.3,205.1,0,4
"2351",58.3,181.1,0,4
"2352",58.3,182.1,0,4
"2353",58.3,183.1,0,4
"2354",58.3,184.1,0,4
"2355",58.3,185.1,0,4
"2356",58.3,186.1,0,4
"2357",58.3,187.1,0,4
"2358",58.3,188.1,0,4
"2359",58.3,189.1,0,4
"2360",58.3,190.1,44375.82,4
"2361",58.3,191.1,36953.32,4
"2362",58.3,192.1,0,4
"2363",58.3,193.1,0,4
"2364",58.3,194.1,3293.93,4
"2365",58.3,195.1,6733.54,4
"2366",58.3,196.1,33023.03,4
"2367",58.3,197.1,4562.41,4
"2368",58.3,198.1,0,4
"2369",58.3,199.1,0,4
"2370",58.3,200.1,0,4
"2371",58.3,201.1,0,4
"2372",58.3,202.1,0,4
"2373",58.3,203.1,0,4
"2374",58.3,204.1,0,4
"2375",58.3,205.1,0,4
"2376",59.3,181.1,0,4
"2377",59.3,182.1,0,4
"2378",59.3,183.1,0,4
"2379",59.3,184.1,0,4
"2380",59.3,185.1,0,4
"2381",59.3,186.1,0,4
"2382",59.3,187.1,0,4
"2383",59.3,188.1,0,4
"2384",59.3,189.1,0,4
"2385",59.3,190.1,0,4
"2386",59.3,191.1,0,4
"2387",59.3,192.1,0,4
"2388",59.3,193.1,0,4
"2389",59.3,194.1,0,4
"2390",59.3,195.1,0,4
"2391",59.3,196.1,0,4
"2392",59.3,197.1,0,4
"2393",59.3,198.1,0,4
"2394",59.3,199.1,0,4
"2395",59.3,200.1,0,4
"2396",59.3,201.1,0,4
"2397",59.3,202.1,0,4
"2398",59.3,203.1,0,4
"2399",59.3,204.1,0,4
"2400",59.3,205.1,0,4
"2401",60.3,181.1,0,4
"2402",60.3,182.1,0,4
"2403",60.3,183.1,0,4
"2404",60.3,184.1,0,4
"2405",60.3,185.1,0,4
"2406",60.3,186.1,0,4
"2407",60.3,187.1,0,4
"2408",60.3,188.1,0,4
"2409",60.3,189.1,0,4
"2410",60.3,190.1,0,4
"2411",60.3,191.1,0,4
"2412",60.3,192.1,0,4
"2413",60.3,193.1,0,4
"2414",60.3,194.1,0,4
"2415",60.3,195.1,0,4
"2416",60.3,196.1,0,4
"2417",60.3,197.1,0,4
"2418",60.3,198.1,0,4
"2419",60.3,199.1,0,4
"2420",60.3,200.1,0,4
"2421",60.3,201.1,0,4
"2422",60.3,202.1,0,4
"2423",60.3,203.1,0,4
"2424",60.3,204.1,0,4
"2425",60.3,205.1,0,4
"2426",61.3,181.1,0,4
"2427",61.3,182.1,0,4
"2428",61.3,183.1,0,4
"2429",61.3,184.1,0,4
"2430",61.3,185.1,0,4
"2431",61.3,186.1,0,4
"2432",61.3,187.1,0,4
"2433",61.3,188.1,0,4
"2434",61.3,189.1,0,4
"2435",61.3,190.1,0,4
"2436",61.3,191.1,0,4
"2437",61.3,192.1,0,4
"2438",61.3,193.1,0,4
"2439",61.3,194.1,0,4
"2440",61.3,195.1,0,4
"2441",61.3,196.1,0,4
"2442",61.3,197.1,0,4
"2443",61.3,198.1,0,4
"2444",61.3,199.1,0,4
"2445",61.3,200.1,0,4
"2446",61.3,201.1,0,4
"2447",61.3,202.1,0,4
"2448",61.3,203.1,0,4
"2449",61.3,204.1,0,4
"2450",61.3,205.1,0,4
"2451",62.3,181.1,0,4
"2452",62.3,182.1,0,4
"2453",62.3,183.1,0,4
"2454",62.3,184.1,0,4
"2455",62.3,185.1,0,4
"2456",62.3,186.1,0,4
"2457",62.3,187.1,0,4
"2458",62.3,188.1,0,4
"2459",62.3,189.1,0,4
"2460",62.3,190.1,0,4
"2461",62.3,191.1,0,4
"2462",62.3,192.1,0,4
"2463",62.3,193.1,0,4
"2464",62.3,194.1,0,4
"2465",62.3,195.1,0,4
"2466",62.3,196.1,0,4
"2467",62.3,197.1,0,4
"2468",62.3,198.1,0,4
"2469",62.3,199.1,0,4
"2470",62.3,200.1,0,4
"2471",62.3,201.1,0,4
"2472",62.3,202.1,0,4
"2473",62.3,203.1,0,4
"2474",62.3,204.1,0,4
"2475",62.3,205.1,0,4
"2476",52.3,181.1,0,3
"2477",52.3,182.1,0,3
"2478",52.3,183.1,0,3
"2479",52.3,184.1,0,3
"2480",52.3,185.1,0,3
"2481",52.3,186.1,0,3
"2482",52.3,187.1,0,3
"2483",52.3,188.1,0,3
"2484",52.3,189.1,0,3
"2485",52.3,190.1,0,3
"2486",52.3,191.1,0,3
"2487",52.3,192.1,0,3
"2488",52.3,193.1,0,3
"2489",52.3,194.1,0,3
"2490",52.3,195.1,0,3
"2491",52.3,196.1,0,3
"2492",52.3,197.1,0,3
"2493",52.3,198.1,0,3
"2494",52.3,199.1,0,3
"2495",52.3,200.1,0,3
"2496",52.3,201.1,0,3
"2497",52.3,202.1,0,3
"2498",52.3,203.1,0,3
"2499",52.3,204.1,0,3
"2500",52.3,205.1,0,3
"2501",53.3,181.1,0,3
"2502",53.3,182.1,0,3
"2503",53.3,183.1,0,3
"2504",53.3,184.1,0,3
"2505",53.3,185.1,0,3
"2506",53.3,186.1,0,3
"2507",53.3,187.1,0,3
"2508",53.3,188.1,0,3
"2509",53.3,189.1,0,3
"2510",53.3,190.1,0,3
"2511",53.3,191.1,0,3
"2512",53.3,192.1,0,3
"2513",53.3,193.1,0,3
"2514",53.3,194.1,0,3
"2515",53.3,195.1,0,3
"2516",53.3,196.1,0,3
"2517",53.3,197.1,0,3
"2518",53.3,198.1,0,3
"2519",53.3,199.1,0,3
"2520",53.3,200.1,0,3
"2521",53.3,201.1,0,3
"2522",53.3,202.1,0,3
"2523",53.3,203.1,0,3
"2524",53.3,204.1,0,3
"2525",53.3,205.1,0,3
"2526",54.3,181.1,0,3
"2527",54.3,182.1,0,3
"2528",54.3,183.1,0,3
"2529",54.3,184.1,0,3
"2530",54.3,185.1,0,3
"2531",54.3,186.1,0,3
"2532",54.3,187.1,0,3
"2533",54.3,188.1,0,3
"2534",54.3,189.1,0,3
"2535",54.3,190.1,0,3
"2536",54.3,191.1,0,3
"2537",54.3,192.1,0,3
"2538",54.3,193.1,0,3
"2539",54.3,194.1,160.13,3
"2540",54.3,195.1,640.45,3
"2541",54.3,196.1,392.7,3
"2542",54.3,197.1,0,3
"2543",54.3,198.1,0,3
"2544",54.3,199.1,0,3
"2545",54.3,200.1,0,3
"2546",54.3,201.1,0,3
"2547",54.3,202.1,0,3
"2548",54.3,203.1,0,3
"2549",54.3,204.1,0,3
"2550",54.3,205.1,0,3
"2551",55.3,181.1,0,3
"2552",55.3,182.1,0,3
"2553",55.3,183.1,0,3
"2554",55.3,184.1,0,3
"2555",55.3,185.1,0,3
"2556",55.3,186.1,0,3
"2557",55.3,187.1,0,3
"2558",55.3,188.1,0,3
"2559",55.3,189.1,0,3
"2560",55.3,190.1,0,3
"2561",55.3,191.1,0,3
"2562",55.3,192.1,0,3
"2563",55.3,193.1,0,3
"2564",55.3,194.1,0,3
"2565",55.3,195.1,458.28,3
"2566",55.3,196.1,20707.39,3
"2567",55.3,197.1,6643.23,3
"2568",55.3,198.1,0,3
"2569",55.3,199.1,0,3
"2570",55.3,200.1,0,3
"2571",55.3,201.1,0,3
"2572",55.3,202.1,0,3
"2573",55.3,203.1,0,3
"2574",55.3,204.1,0,3
"2575",55.3,205.1,0,3
"2576",56.3,181.1,0,3
"2577",56.3,182.1,0,3
"2578",56.3,183.1,0,3
"2579",56.3,184.1,0,3
"2580",56.3,185.1,0,3
"2581",56.3,186.1,0,3
"2582",56.3,187.1,0,3
"2583",56.3,188.1,661.9,3
"2584",56.3,189.1,75.62,3
"2585",56.3,190.1,2.16,3
"2586",56.3,191.1,20.18,3
"2587",56.3,192.1,177639.07,3
"2588",56.3,193.1,1059897.94,3
"2589",56.3,194.1,2132100.46,3
"2590",56.3,195.1,768293.51,3
"2591",56.3,196.1,3791959.05,3
"2592",56.3,197.1,290435.9,3
"2593",56.3,198.1,0,3
"2594",56.3,199.1,0,3
"2595",56.3,200.1,0,3
"2596",56.3,201.1,0,3
"2597",56.3,202.1,0,3
"2598",56.3,203.1,0,3
"2599",56.3,204.1,0,3
"2600",56.3,205.1,0,3
"2601",57.3,181.1,0,3
"2602",57.3,182.1,0,3
"2603",57.3,183.1,0,3
"2604",57.3,184.1,0,3
"2605",57.3,185.1,0,3
"2606",57.3,186.1,0,3
"2607",57.3,187.1,0,3
"2608",57.3,188.1,650.98,3
"2609",57.3,189.1,114773.15,3
"2610",57.3,190.1,662869.59,3
"2611",57.3,191.1,4054335.42,3
"2612",57.3,192.1,2449644.12,3
"2613",57.3,193.1,157528.9,3
"2614",57.3,194.1,24431.76,3
"2615",57.3,195.1,825138.65,3
"2616",57.3,196.1,123935.81,3
"2617",57.3,197.1,0,3
"2618",57.3,198.1,0,3
"2619",57.3,199.1,0,3
"2620",57.3,200.1,0,3
"2621",57.3,201.1,0,3
"2622",57.3,202.1,0,3
"2623",57.3,203.1,0,3
"2624",57.3,204.1,0,3
"2625",57.3,205.1,0,3
"2626",58.3,181.1,0,3
"2627",58.3,182.1,0,3
"2628",58.3,183.1,0,3
"2629",58.3,184.1,0,3
"2630",58.3,185.1,0,3
"2631",58.3,186.1,0,3
"2632",58.3,187.1,0,3
"2633",58.3,188.1,372.85,3
"2634",58.3,189.1,359.55,3
"2635",58.3,190.1,9242.18,3
"2636",58.3,191.1,35965.02,3
"2637",58.3,192.1,0,3
"2638",58.3,193.1,0,3
"2639",58.3,194.1,0,3
"2640",58.3,195.1,0,3
"2641",58.3,196.1,0,3
"2642",58.3,197.1,0,3
"2643",58.3,198.1,0,3
"2644",58.3,199.1,0,3
"2645",58.3,200.1,0,3
"2646",58.3,201.1,0,3
"2647",58.3,202.1,0,3
"2648",58.3,203.1,0,3
"2649",58.3,204.1,0,3
"2650",58.3,205.1,0,3
"2651",59.3,181.1,0,3
"2652",59.3,182.1,0,3
"2653",59.3,183.1,0,3
"2654",59.3,184.1,0,3
"2655",59.3,185.1,0,3
"2656",59.3,186.1,0,3
"2657",59.3,187.1,0,3
"2658",59.3,188.1,0,3
"2659",59.3,189.1,0,3
"2660",59.3,190.1,0,3
"2661",59.3,191.1,0,3
"2662",59.3,192.1,0,3
"2663",59.3,193.1,0,3
"2664",59.3,194.1,0,3
"2665",59.3,195.1,0,3
"2666",59.3,196.1,0,3
"2667",59.3,197.1,0,3
"2668",59.3,198.1,0,3
"2669",59.3,199.1,0,3
"2670",59.3,200.1,0,3
"2671",59.3,201.1,0,3
"2672",59.3,202.1,0,3
"2673",59.3,203.1,0,3
"2674",59.3,204.1,0,3
"2675",59.3,205.1,0,3
"2676",60.3,181.1,0,3
"2677",60.3,182.1,0,3
"2678",60.3,183.1,0,3
"2679",60.3,184.1,0,3
"2680",60.3,185.1,0,3
"2681",60.3,186.1,0,3
"2682",60.3,187.1,0,3
"2683",60.3,188.1,0,3
"2684",60.3,189.1,0,3
"2685",60.3,190.1,0,3
"2686",60.3,191.1,0,3
"2687",60.3,192.1,0,3
"2688",60.3,193.1,0,3
"2689",60.3,194.1,0,3
"2690",60.3,195.1,0,3
"2691",60.3,196.1,0,3
"2692",60.3,197.1,0,3
"2693",60.3,198.1,0,3
"2694",60.3,199.1,0,3
"2695",60.3,200.1,0,3
"2696",60.3,201.1,0,3
"2697",60.3,202.1,0,3
"2698",60.3,203.1,0,3
"2699",60.3,204.1,0,3
"2700",60.3,205.1,0,3
"2701",61.3,181.1,0,3
"2702",61.3,182.1,0,3
"2703",61.3,183.1,0,3
"2704",61.3,184.1,0,3
"2705",61.3,185.1,0,3
"2706",61.3,186.1,0,3
"2707",61.3,187.1,0,3
"2708",61.3,188.1,0,3
"2709",61.3,189.1,0,3
"2710",61.3,190.1,0,3
"2711",61.3,191.1,0,3
"2712",61.3,192.1,0,3
"2713",61.3,193.1,0,3
"2714",61.3,194.1,0,3
"2715",61.3,195.1,0,3
"2716",61.3,196.1,0,3
"2717",61.3,197.1,0,3
"2718",61.3,198.1,0,3
"2719",61.3,199.1,0,3
"2720",61.3,200.1,0,3
"2721",61.3,201.1,0,3
"2722",61.3,202.1,0,3
"2723",61.3,203.1,0,3
"2724",61.3,204.1,0,3
"2725",61.3,205.1,0,3
"2726",62.3,181.1,0,3
"2727",62.3,182.1,0,3
"2728",62.3,183.1,0,3
"2729",62.3,184.1,0,3
"2730",62.3,185.1,0,3
"2731",62.3,186.1,0,3
"2732",62.3,187.1,0,3
"2733",62.3,188.1,0,3
"2734",62.3,189.1,0,3
"2735",62.3,190.1,0,3
"2736",62.3,191.1,0,3
"2737",62.3,192.1,0,3
"2738",62.3,193.1,0,3
"2739",62.3,194.1,0,3
"2740",62.3,195.1,0,3
"2741",62.3,196.1,0,3
"2742",62.3,197.1,0,3
"2743",62.3,198.1,0,3
"2744",62.3,199.1,0,3
"2745",62.3,200.1,0,3
"2746",62.3,201.1,0,3
"2747",62.3,202.1,0,3
"2748",62.3,203.1,0,3
"2749",62.3,204.1,0,3
"2750",62.3,205.1,0,3
"2751",52.3,181.1,0,2
"2752",52.3,182.1,0,2
"2753",52.3,183.1,0,2
"2754",52.3,184.1,0,2
"2755",52.3,185.1,0,2
"2756",52.3,186.1,0,2
"2757",52.3,187.1,0,2
"2758",52.3,188.1,0,2
"2759",52.3,189.1,0,2
"2760",52.3,190.1,0,2
"2761",52.3,191.1,0,2
"2762",52.3,192.1,0,2
"2763",52.3,193.1,0,2
"2764",52.3,194.1,0,2
"2765",52.3,195.1,0,2
"2766",52.3,196.1,0,2
"2767",52.3,197.1,0,2
"2768",52.3,198.1,0,2
"2769",52.3,199.1,0,2
"2770",52.3,200.1,0,2
"2771",52.3,201.1,0,2
"2772",52.3,202.1,0,2
"2773",52.3,203.1,0,2
"2774",52.3,204.1,0,2
"2775",52.3,205.1,0,2
"2776",53.3,181.1,0,2
"2777",53.3,182.1,0,2
"2778",53.3,183.1,0,2
"2779",53.3,184.1,0,2
"2780",53.3,185.1,0,2
"2781",53.3,186.1,0,2
"2782",53.3,187.1,0,2
"2783",53.3,188.1,0,2
"2784",53.3,189.1,0,2
"2785",53.3,190.1,0,2
"2786",53.3,191.1,0,2
"2787",53.3,192.1,0,2
"2788",53.3,193.1,0,2
"2789",53.3,194.1,0,2
"2790",53.3,195.1,0,2
"2791",53.3,196.1,0,2
"2792",53.3,197.1,0,2
"2793",53.3,198.1,0,2
"2794",53.3,199.1,0,2
"2795",53.3,200.1,0,2
"2796",53.3,201.1,0,2
"2797",53.3,202.1,0,2
"2798",53.3,203.1,0,2
"2799",53.3,204.1,0,2
"2800",53.3,205.1,0,2
"2801",54.3,181.1,0,2
"2802",54.3,182.1,0,2
"2803",54.3,183.1,0,2
"2804",54.3,184.1,0,2
"2805",54.3,185.1,0,2
"2806",54.3,186.1,0,2
"2807",54.3,187.1,0,2
"2808",54.3,188.1,0,2
"2809",54.3,189.1,0,2
"2810",54.3,190.1,0,2
"2811",54.3,191.1,0,2
"2812",54.3,192.1,0,2
"2813",54.3,193.1,0,2
"2814",54.3,194.1,585.96,2
"2815",54.3,195.1,2274.34,2
"2816",54.3,196.1,2305.62,2
"2817",54.3,197.1,0,2
"2818",54.3,198.1,0,2
"2819",54.3,199.1,0,2
"2820",54.3,200.1,0,2
"2821",54.3,201.1,0,2
"2822",54.3,202.1,0,2
"2823",54.3,203.1,0,2
"2824",54.3,204.1,0,2
"2825",54.3,205.1,0,2
"2826",55.3,181.1,0,2
"2827",55.3,182.1,0,2
"2828",55.3,183.1,0,2
"2829",55.3,184.1,0,2
"2830",55.3,185.1,0,2
"2831",55.3,186.1,0,2
"2832",55.3,187.1,0,2
"2833",55.3,188.1,0,2
"2834",55.3,189.1,0,2
"2835",55.3,190.1,0,2
"2836",55.3,191.1,0,2
"2837",55.3,192.1,0,2
"2838",55.3,193.1,0,2
"2839",55.3,194.1,13.83,2
"2840",55.3,195.1,1797.37,2
"2841",55.3,196.1,6376.97,2
"2842",55.3,197.1,14281.06,2
"2843",55.3,198.1,0,2
"2844",55.3,199.1,0,2
"2845",55.3,200.1,0,2
"2846",55.3,201.1,0,2
"2847",55.3,202.1,0,2
"2848",55.3,203.1,0,2
"2849",55.3,204.1,0,2
"2850",55.3,205.1,0,2
"2851",56.3,181.1,0,2
"2852",56.3,182.1,0,2
"2853",56.3,183.1,0,2
"2854",56.3,184.1,0,2
"2855",56.3,185.1,0,2
"2856",56.3,186.1,0,2
"2857",56.3,187.1,0,2
"2858",56.3,188.1,2760.92,2
"2859",56.3,189.1,0,2
"2860",56.3,190.1,0,2
"2861",56.3,191.1,0,2
"2862",56.3,192.1,120150.78,2
"2863",56.3,193.1,724722.19,2
"2864",56.3,194.1,3446327.03,2
"2865",56.3,195.1,2766492.52,2
"2866",56.3,196.1,295278.17,2
"2867",56.3,197.1,409037.08,2
"2868",56.3,198.1,0,2
"2869",56.3,199.1,0,2
"2870",56.3,200.1,0,2
"2871",56.3,201.1,0,2
"2872",56.3,202.1,0,2
"2873",56.3,203.1,0,2
"2874",56.3,204.1,0,2
"2875",56.3,205.1,0,2
"2876",57.3,181.1,0,2
"2877",57.3,182.1,0,2
"2878",57.3,183.1,0,2
"2879",57.3,184.1,0,2
"2880",57.3,185.1,0,2
"2881",57.3,186.1,0,2
"2882",57.3,187.1,0,2
"2883",57.3,188.1,4559841.73,2
"2884",57.3,189.1,197524.1,2
"2885",57.3,190.1,3553.23,2
"2886",57.3,191.1,1041031.74,2
"2887",57.3,192.1,3063908.89,2
"2888",57.3,193.1,78467.14,2
"2889",57.3,194.1,4470.39,2
"2890",57.3,195.1,51864.35,2
"2891",57.3,196.1,636.31,2
"2892",57.3,197.1,430.88,2
"2893",57.3,198.1,0,2
"2894",57.3,199.1,0,2
"2895",57.3,200.1,0,2
"2896",57.3,201.1,0,2
"2897",57.3,202.1,0,2
"2898",57.3,203.1,0,2
"2899",57.3,204.1,0,2
"2900",57.3,205.1,0,2
"2901",58.3,181.1,0,2
"2902",58.3,182.1,0,2
"2903",58.3,183.1,0,2
"2904",58.3,184.1,0,2
"2905",58.3,185.1,0,2
"2906",58.3,186.1,0,2
"2907",58.3,187.1,0,2
"2908",58.3,188.1,0,2
"2909",58.3,189.1,4641.06,2
"2910",58.3,190.1,0,2
"2911",58.3,191.1,0,2
"2912",58.3,192.1,0,2
"2913",58.3,193.1,0,2
"2914",58.3,194.1,0,2
"2915",58.3,195.1,0,2
"2916",58.3,196.1,0,2
"2917",58.3,197.1,0,2
"2918",58.3,198.1,0,2
"2919",58.3,199.1,0,2
"2920",58.3,200.1,0,2
"2921",58.3,201.1,0,2
"2922",58.3,202.1,0,2
"2923",58.3,203.1,0,2
"2924",58.3,204.1,0,2
"2925",58.3,205.1,0,2
"2926",59.3,181.1,0,2
"2927",59.3,182.1,0,2
"2928",59.3,183.1,0,2
"2929",59.3,184.1,0,2
"2930",59.3,185.1,0,2
"2931",59.3,186.1,0,2
"2932",59.3,187.1,0,2
"2933",59.3,188.1,0,2
"2934",59.3,189.1,0,2
"2935",59.3,190.1,0,2
"2936",59.3,191.1,0,2
"2937",59.3,192.1,0,2
"2938",59.3,193.1,0,2
"2939",59.3,194.1,0,2
"2940",59.3,195.1,0,2
"2941",59.3,196.1,0,2
"2942",59.3,197.1,0,2
"2943",59.3,198.1,0,2
"2944",59.3,199.1,0,2
"2945",59.3,200.1,0,2
"2946",59.3,201.1,0,2
"2947",59.3,202.1,0,2
"2948",59.3,203.1,0,2
"2949",59.3,204.1,0,2
"2950",59.3,205.1,0,2
"2951",60.3,181.1,0,2
"2952",60.3,182.1,0,2
"2953",60.3,183.1,0,2
"2954",60.3,184.1,0,2
"2955",60.3,185.1,0,2
"2956",60.3,186.1,0,2
"2957",60.3,187.1,0,2
"2958",60.3,188.1,0,2
"2959",60.3,189.1,0,2
"2960",60.3,190.1,0,2
"2961",60.3,191.1,0,2
"2962",60.3,192.1,0,2
"2963",60.3,193.1,0,2
"2964",60.3,194.1,0,2
"2965",60.3,195.1,0,2
"2966",60.3,196.1,0,2
"2967",60.3,197.1,0,2
"2968",60.3,198.1,0,2
"2969",60.3,199.1,0,2
"2970",60.3,200.1,0,2
"2971",60.3,201.1,0,2
"2972",60.3,202.1,0,2
"2973",60.3,203.1,0,2
"2974",60.3,204.1,0,2
"2975",60.3,205.1,0,2
"2976",61.3,181.1,0,2
"2977",61.3,182.1,0,2
"2978",61.3,183.1,0,2
"2979",61.3,184.1,0,2
"2980",61.3,185.1,0,2
"2981",61.3,186.1,0,2
"2982",61.3,187.1,0,2
"2983",61.3,188.1,0,2
"2984",61.3,189.1,0,2
"2985",61.3,190.1,0,2
"2986",61.3,191.1,0,2
"2987",61.3,192.1,0,2
"2988",61.3,193.1,0,2
"2989",61.3,194.1,0,2
"2990",61.3,195.1,0,2
"2991",61.3,196.1,0,2
"2992",61.3,197.1,0,2
"2993",61.3,198.1,0,2
"2994",61.3,199.1,0,2
"2995",61.3,200.1,0,2
"2996",61.3,201.1,0,2
"2997",61.3,202.1,0,2
"2998",61.3,203.1,0,2
"2999",61.3,204.1,0,2
"3000",61.3,205.1,0,2
"3001",62.3,181.1,0,2
"3002",62.3,182.1,0,2
"3003",62.3,183.1,0,2
"3004",62.3,184.1,0,2
"3005",62.3,185.1,0,2
"3006",62.3,186.1,0,2
"3007",62.3,187.1,0,2
"3008",62.3,188.1,0,2
"3009",62.3,189.1,0,2
"3010",62.3,190.1,0,2
"3011",62.3,191.1,0,2
"3012",62.3,192.1,0,2
"3013",62.3,193.1,0,2
"3014",62.3,194.1,0,2
"3015",62.3,195.1,0,2
"3016",62.3,196.1,0,2
"3017",62.3,197.1,0,2
"3018",62.3,198.1,0,2
"3019",62.3,199.1,0,2
"3020",62.3,200.1,0,2
"3021",62.3,201.1,0,2
"3022",62.3,202.1,0,2
"3023",62.3,203.1,0,2
"3024",62.3,204.1,0,2
"3025",62.3,205.1,0,2
"3026",52.3,181.1,0,1
"3027",52.3,182.1,0,1
"3028",52.3,183.1,0,1
"3029",52.3,184.1,0,1
"3030",52.3,185.1,0,1
"3031",52.3,186.1,0,1
"3032",52.3,187.1,0,1
"3033",52.3,188.1,0,1
"3034",52.3,189.1,0,1
"3035",52.3,190.1,0,1
"3036",52.3,191.1,0,1
"3037",52.3,192.1,0,1
"3038",52.3,193.1,0,1
"3039",52.3,194.1,0,1
"3040",52.3,195.1,0,1
"3041",52.3,196.1,0,1
"3042",52.3,197.1,0,1
"3043",52.3,198.1,0,1
"3044",52.3,199.1,0,1
"3045",52.3,200.1,0,1
"3046",52.3,201.1,0,1
"3047",52.3,202.1,0,1
"3048",52.3,203.1,0,1
"3049",52.3,204.1,0,1
"3050",52.3,205.1,0,1
"3051",53.3,181.1,0,1
"3052",53.3,182.1,0,1
"3053",53.3,183.1,0,1
"3054",53.3,184.1,0,1
"3055",53.3,185.1,0,1
"3056",53.3,186.1,0,1
"3057",53.3,187.1,0,1
"3058",53.3,188.1,0,1
"3059",53.3,189.1,0,1
"3060",53.3,190.1,0,1
"3061",53.3,191.1,0,1
"3062",53.3,192.1,0,1
"3063",53.3,193.1,0,1
"3064",53.3,194.1,0,1
"3065",53.3,195.1,0,1
"3066",53.3,196.1,0,1
"3067",53.3,197.1,0,1
"3068",53.3,198.1,0,1
"3069",53.3,199.1,0,1
"3070",53.3,200.1,0,1
"3071",53.3,201.1,0,1
"3072",53.3,202.1,0,1
"3073",53.3,203.1,0,1
"3074",53.3,204.1,0,1
"3075",53.3,205.1,0,1
"3076",54.3,181.1,0,1
"3077",54.3,182.1,0,1
"3078",54.3,183.1,0,1
"3079",54.3,184.1,0,1
"3080",54.3,185.1,0,1
"3081",54.3,186.1,0,1
"3082",54.3,187.1,0,1
"3083",54.3,188.1,0,1
"3084",54.3,189.1,0,1
"3085",54.3,190.1,0,1
"3086",54.3,191.1,0,1
"3087",54.3,192.1,0,1
"3088",54.3,193.1,0,1
"3089",54.3,194.1,0,1
"3090",54.3,195.1,84.26,1
"3091",54.3,196.1,0,1
"3092",54.3,197.1,0,1
"3093",54.3,198.1,0,1
"3094",54.3,199.1,0,1
"3095",54.3,200.1,0,1
"3096",54.3,201.1,0,1
"3097",54.3,202.1,0,1
"3098",54.3,203.1,0,1
"3099",54.3,204.1,0,1
"3100",54.3,205.1,0,1
"3101",55.3,181.1,0,1
"3102",55.3,182.1,0,1
"3103",55.3,183.1,0,1
"3104",55.3,184.1,0,1
"3105",55.3,185.1,0,1
"3106",55.3,186.1,0,1
"3107",55.3,187.1,0,1
"3108",55.3,188.1,0,1
"3109",55.3,189.1,0,1
"3110",55.3,190.1,0,1
"3111",55.3,191.1,0,1
"3112",55.3,192.1,0,1
"3113",55.3,193.1,0,1
"3114",55.3,194.1,0,1
"3115",55.3,195.1,390,1
"3116",55.3,196.1,2290.75,1
"3117",55.3,197.1,1144.23,1
"3118",55.3,198.1,0,1
"3119",55.3,199.1,0,1
"3120",55.3,200.1,0,1
"3121",55.3,201.1,0,1
"3122",55.3,202.1,0,1
"3123",55.3,203.1,0,1
"3124",55.3,204.1,0,1
"3125",55.3,205.1,0,1
"3126",56.3,181.1,0,1
"3127",56.3,182.1,0,1
"3128",56.3,183.1,0,1
"3129",56.3,184.1,0,1
"3130",56.3,185.1,0,1
"3131",56.3,186.1,0,1
"3132",56.3,187.1,0,1
"3133",56.3,188.1,0,1
"3134",56.3,189.1,0,1
"3135",56.3,190.1,0,1
"3136",56.3,191.1,0,1
"3137",56.3,192.1,17279.16,1
"3138",56.3,193.1,36158.16,1
"3139",56.3,194.1,0,1
"3140",56.3,195.1,2209148.56,1
"3141",56.3,196.1,2413607.94,1
"3142",56.3,197.1,10860.07,1
"3143",56.3,198.1,0,1
"3144",56.3,199.1,0,1
"3145",56.3,200.1,0,1
"3146",56.3,201.1,0,1
"3147",56.3,202.1,0,1
"3148",56.3,203.1,0,1
"3149",56.3,204.1,0,1
"3150",56.3,205.1,0,1
"3151",57.3,181.1,0,1
"3152",57.3,182.1,0,1
"3153",57.3,183.1,0,1
"3154",57.3,184.1,0,1
"3155",57.3,185.1,0,1
"3156",57.3,186.1,0,1
"3157",57.3,187.1,0,1
"3158",57.3,188.1,0,1
"3159",57.3,189.1,0,1
"3160",57.3,190.1,0,1
"3161",57.3,191.1,0,1
"3162",57.3,192.1,10523.59,1
"3163",57.3,193.1,0,1
"3164",57.3,194.1,56431.39,1
"3165",57.3,195.1,1586164.33,1
"3166",57.3,196.1,5585.87,1
"3167",57.3,197.1,0,1
"3168",57.3,198.1,0,1
"3169",57.3,199.1,0,1
"3170",57.3,200.1,0,1
"3171",57.3,201.1,0,1
"3172",57.3,202.1,0,1
"3173",57.3,203.1,0,1
"3174",57.3,204.1,0,1
"3175",57.3,205.1,0,1
"3176",58.3,181.1,0,1
"3177",58.3,182.1,0,1
"3178",58.3,183.1,0,1
"3179",58.3,184.1,0,1
"3180",58.3,185.1,0,1
"3181",58.3,186.1,0,1
"3182",58.3,187.1,0,1
"3183",58.3,188.1,0,1
"3184",58.3,189.1,0,1
"3185",58.3,190.1,0,1
"3186",58.3,191.1,0,1
"3187",58.3,192.1,0,1
"3188",58.3,193.1,0,1
"3189",58.3,194.1,0,1
"3190",58.3,195.1,0,1
"3191",58.3,196.1,0,1
"3192",58.3,197.1,0,1
"3193",58.3,198.1,0,1
"3194",58.3,199.1,0,1
"3195",58.3,200.1,0,1
"3196",58.3,201.1,0,1
"3197",58.3,202.1,0,1
"3198",58.3,203.1,0,1
"3199",58.3,204.1,0,1
"3200",58.3,205.1,0,1
"3201",59.3,181.1,0,1
"3202",59.3,182.1,0,1
"3203",59.3,183.1,0,1
"3204",59.3,184.1,0,1
"3205",59.3,185.1,0,1
"3206",59.3,186.1,0,1
"3207",59.3,187.1,0,1
"3208",59.3,188.1,0,1
"3209",59.3,189.1,0,1
"3210",59.3,190.1,0,1
"3211",59.3,191.1,0,1
"3212",59.3,192.1,0,1
"3213",59.3,193.1,0,1
"3214",59.3,194.1,0,1
"3215",59.3,195.1,0,1
"3216",59.3,196.1,0,1
"3217",59.3,197.1,0,1
"3218",59.3,198.1,0,1
"3219",59.3,199.1,0,1
"3220",59.3,200.1,0,1
"3221",59.3,201.1,0,1
"3222",59.3,202.1,0,1
"3223",59.3,203.1,0,1
"3224",59.3,204.1,0,1
"3225",59.3,205.1,0,1
"3226",60.3,181.1,0,1
"3227",60.3,182.1,0,1
"3228",60.3,183.1,0,1
"3229",60.3,184.1,0,1
"3230",60.3,185.1,0,1
"3231",60.3,186.1,0,1
"3232",60.3,187.1,0,1
"3233",60.3,188.1,0,1
"3234",60.3,189.1,0,1
"3235",60.3,190.1,0,1
"3236",60.3,191.1,0,1
"3237",60.3,192.1,0,1
"3238",60.3,193.1,0,1
"3239",60.3,194.1,0,1
"3240",60.3,195.1,0,1
"3241",60.3,196.1,0,1
"3242",60.3,197.1,0,1
"3243",60.3,198.1,0,1
"3244",60.3,199.1,0,1
"3245",60.3,200.1,0,1
"3246",60.3,201.1,0,1
"3247",60.3,202.1,0,1
"3248",60.3,203.1,0,1
"3249",60.3,204.1,0,1
"3250",60.3,205.1,0,1
"3251",61.3,181.1,0,1
"3252",61.3,182.1,0,1
"3253",61.3,183.1,0,1
"3254",61.3,184.1,0,1
"3255",61.3,185.1,0,1
"3256",61.3,186.1,0,1
"3257",61.3,187.1,0,1
"3258",61.3,188.1,0,1
"3259",61.3,189.1,0,1
"3260",61.3,190.1,0,1
"3261",61.3,191.1,0,1
"3262",61.3,192.1,0,1
"3263",61.3,193.1,0,1
"3264",61.3,194.1,0,1
"3265",61.3,195.1,0,1
"3266",61.3,196.1,0,1
"3267",61.3,197.1,0,1
"3268",61.3,198.1,0,1
"3269",61.3,199.1,0,1
"3270",61.3,200.1,0,1
"3271",61.3,201.1,0,1
"3272",61.3,202.1,0,1
"3273",61.3,203.1,0,1
"3274",61.3,204.1,0,1
"3275",61.3,205.1,0,1
"3276",62.3,181.1,0,1
"3277",62.3,182.1,0,1
"3278",62.3,183.1,0,1
"3279",62.3,184.1,0,1
"3280",62.3,185.1,0,1
"3281",62.3,186.1,0,1
"3282",62.3,187.1,0,1
"3283",62.3,188.1,0,1
"3284",62.3,189.1,0,1
"3285",62.3,190.1,0,1
"3286",62.3,191.1,0,1
"3287",62.3,192.1,0,1
"3288",62.3,193.1,0,1
"3289",62.3,194.1,0,1
"3290",62.3,195.1,0,1
"3291",62.3,196.1,0,1
"3292",62.3,197.1,0,1
"3293",62.3,198.1,0,1
"3294",62.3,199.1,0,1
"3295",62.3,200.1,0,1
"3296",62.3,201.1,0,1
"3297",62.3,202.1,0,1
"3298",62.3,203.1,0,1
"3299",62.3,204.1,0,1
"3300",62.3,205.1,0,1
"3301",0,0,0,0
"3302",0,0,0,0
