"","Latitude","Longitude","Weight","Year"
"1",52.3,181.1,0,2021
"2",52.3,183.1,0,2021
"3",52.3,185.1,0,2021
"4",52.3,187.1,0,2021
"5",52.3,189.1,0,2021
"6",52.3,191.1,0,2021
"7",52.3,193.1,0,2021
"8",52.3,195.1,0,2021
"9",52.3,197.1,0,2021
"10",52.3,199.1,0,2021
"11",52.3,201.1,0,2021
"12",54.3,181.1,0,2021
"13",54.3,183.1,0,2021
"14",54.3,185.1,0,2021
"15",54.3,187.1,0,2021
"16",54.3,189.1,140.17,2021
"17",54.3,191.1,216.66,2021
"18",54.3,193.1,2091.62,2021
"19",54.3,195.1,22151.86,2021
"20",54.3,197.1,18279.6,2021
"21",54.3,199.1,0,2021
"22",54.3,201.1,0,2021
"23",56.3,181.1,0,2021
"24",56.3,183.1,0,2021
"25",56.3,185.1,0,2021
"26",56.3,187.1,4568243.64,2021
"27",56.3,189.1,2952442.45,2021
"28",56.3,191.1,18625942.96,2021
"29",56.3,193.1,21285865.03,2021
"30",56.3,195.1,29704540.86,2021
"31",56.3,197.1,845975.64,2021
"32",56.3,199.1,0,2021
"33",56.3,201.1,0,2021
"34",58.3,181.1,234.48,2021
"35",58.3,183.1,0,2021
"36",58.3,185.1,0,2021
"37",58.3,187.1,372.85,2021
"38",58.3,189.1,1588835.89,2021
"39",58.3,191.1,162171.74,2021
"40",58.3,193.1,1070291.52,2021
"41",58.3,195.1,4288931.88,2021
"42",58.3,197.1,154632.94,2021
"43",58.3,199.1,0,2021
"44",58.3,201.1,0,2021
"45",60.3,181.1,25.25,2021
"46",60.3,183.1,0,2021
"47",60.3,185.1,0,2021
"48",60.3,187.1,0,2021
"49",60.3,189.1,0,2021
"50",60.3,191.1,0,2021
"51",60.3,193.1,0,2021
"52",60.3,195.1,0,2021
"53",60.3,197.1,0,2021
"54",60.3,199.1,0,2021
"55",60.3,201.1,0,2021
"56",62.3,181.1,0,2021
"57",62.3,183.1,0,2021
"58",62.3,185.1,0,2021
"59",62.3,187.1,0,2021
"60",62.3,189.1,0,2021
"61",62.3,191.1,0,2021
"62",62.3,193.1,0,2021
"63",62.3,195.1,0,2021
"64",62.3,197.1,0,2021
"65",62.3,199.1,0,2021
"66",62.3,201.1,0,2021
"67",64.3,181.1,0,2021
"68",64.3,183.1,0,2021
"69",64.3,185.1,0,2021
"70",64.3,187.1,0,2021
"71",64.3,189.1,0,2021
"72",64.3,191.1,0,2021
"73",64.3,193.1,0,2021
"74",64.3,195.1,0,2021
"75",64.3,197.1,0,2021
"76",64.3,199.1,0,2021
"77",64.3,201.1,0,2021
"78",66.3,181.1,0,2021
"79",66.3,183.1,0,2021
"80",66.3,185.1,0,2021
"81",66.3,187.1,0,2021
"82",66.3,189.1,0,2021
"83",66.3,191.1,0,2021
"84",66.3,193.1,0,2021
"85",66.3,195.1,0,2021
"86",66.3,197.1,0,2021
"87",66.3,199.1,0,2021
"88",66.3,201.1,0,2021
"89",52.3,181.1,0,2020
"90",52.3,183.1,0,2020
"91",52.3,185.1,0,2020
"92",52.3,187.1,0,2020
"93",52.3,189.1,0,2020
"94",52.3,191.1,0,2020
"95",52.3,193.1,113.89,2020
"96",52.3,195.1,0,2020
"97",52.3,197.1,0,2020
"98",52.3,199.1,0,2020
"99",52.3,201.1,0,2020
"100",54.3,181.1,0,2020
"101",54.3,183.1,0,2020
"102",54.3,185.1,0,2020
"103",54.3,187.1,0,2020
"104",54.3,189.1,311.78,2020
"105",54.3,191.1,395.66,2020
"106",54.3,193.1,1263.98,2020
"107",54.3,195.1,41531.78,2020
"108",54.3,197.1,119648.46,2020
"109",54.3,199.1,0,2020
"110",54.3,201.1,0,2020
"111",56.3,181.1,0,2020
"112",56.3,183.1,0,2020
"113",56.3,185.1,241.71,2020
"114",56.3,187.1,17122607.7,2020
"115",56.3,189.1,5392574.11,2020
"116",56.3,191.1,13599467.17,2020
"117",56.3,193.1,29968547.78,2020
"118",56.3,195.1,36678332.94,2020
"119",56.3,197.1,3904694.03,2020
"120",56.3,199.1,0,2020
"121",56.3,201.1,0,2020
"122",58.3,181.1,4798.01,2020
"123",58.3,183.1,162.84,2020
"124",58.3,185.1,246.85,2020
"125",58.3,187.1,334.06,2020
"126",58.3,189.1,3009586.41,2020
"127",58.3,191.1,1265320.17,2020
"128",58.3,193.1,1708114.67,2020
"129",58.3,195.1,1627476.96,2020
"130",58.3,197.1,136930.98,2020
"131",58.3,199.1,0,2020
"132",58.3,201.1,0,2020
"133",60.3,181.1,0,2020
"134",60.3,183.1,0,2020
"135",60.3,185.1,0,2020
"136",60.3,187.1,0,2020
"137",60.3,189.1,0,2020
"138",60.3,191.1,0,2020
"139",60.3,193.1,0,2020
"140",60.3,195.1,0,2020
"141",60.3,197.1,0,2020
"142",60.3,199.1,0,2020
"143",60.3,201.1,0,2020
"144",62.3,181.1,0,2020
"145",62.3,183.1,0,2020
"146",62.3,185.1,0,2020
"147",62.3,187.1,0,2020
"148",62.3,189.1,0,2020
"149",62.3,191.1,0,2020
"150",62.3,193.1,0,2020
"151",62.3,195.1,0,2020
"152",62.3,197.1,0,2020
"153",62.3,199.1,0,2020
"154",62.3,201.1,0,2020
"155",64.3,181.1,0,2020
"156",64.3,183.1,0,2020
"157",64.3,185.1,0,2020
"158",64.3,187.1,0,2020
"159",64.3,189.1,0,2020
"160",64.3,191.1,0,2020
"161",64.3,193.1,0,2020
"162",64.3,195.1,0,2020
"163",64.3,197.1,0,2020
"164",64.3,199.1,0,2020
"165",64.3,201.1,0,2020
"166",66.3,181.1,0,2020
"167",66.3,183.1,0,2020
"168",66.3,185.1,0,2020
"169",66.3,187.1,0,2020
"170",66.3,189.1,0,2020
"171",66.3,191.1,0,2020
"172",66.3,193.1,0,2020
"173",66.3,195.1,0,2020
"174",66.3,197.1,0,2020
"175",66.3,199.1,0,2020
"176",66.3,201.1,0,2020
"177",52.3,181.1,0,2019
"178",52.3,183.1,0,2019
"179",52.3,185.1,0,2019
"180",52.3,187.1,0,2019
"181",52.3,189.1,0,2019
"182",52.3,191.1,0,2019
"183",52.3,193.1,97.28,2019
"184",52.3,195.1,0,2019
"185",52.3,197.1,0,2019
"186",52.3,199.1,0,2019
"187",52.3,201.1,0,2019
"188",54.3,181.1,0,2019
"189",54.3,183.1,0,2019
"190",54.3,185.1,0,2019
"191",54.3,187.1,0,2019
"192",54.3,189.1,262.94,2019
"193",54.3,191.1,424.16,2019
"194",54.3,193.1,2649.51,2019
"195",54.3,195.1,79112.33,2019
"196",54.3,197.1,171673.42,2019
"197",54.3,199.1,0,2019
"198",54.3,201.1,0,2019
"199",56.3,181.1,0,2019
"200",56.3,183.1,0,2019
"201",56.3,185.1,72.35,2019
"202",56.3,187.1,108582.98,2019
"203",56.3,189.1,2163218.04,2019
"204",56.3,191.1,29590796.01,2019
"205",56.3,193.1,26996973.56,2019
"206",56.3,195.1,17041453.97,2019
"207",56.3,197.1,10981153.93,2019
"208",56.3,199.1,0,2019
"209",56.3,201.1,0,2019
"210",58.3,181.1,234.84,2019
"211",58.3,183.1,0,2019
"212",58.3,185.1,5166.98,2019
"213",58.3,187.1,780218.61,2019
"214",58.3,189.1,4640113.06,2019
"215",58.3,191.1,192629.59,2019
"216",58.3,193.1,5713175.8,2019
"217",58.3,195.1,19816841.46,2019
"218",58.3,197.1,2111364.74,2019
"219",58.3,199.1,0,2019
"220",58.3,201.1,0,2019
"221",60.3,181.1,0,2019
"222",60.3,183.1,0,2019
"223",60.3,185.1,0,2019
"224",60.3,187.1,447.44,2019
"225",60.3,189.1,372.68,2019
"226",60.3,191.1,0,2019
"227",60.3,193.1,0,2019
"228",60.3,195.1,0,2019
"229",60.3,197.1,0,2019
"230",60.3,199.1,0,2019
"231",60.3,201.1,0,2019
"232",62.3,181.1,0,2019
"233",62.3,183.1,0,2019
"234",62.3,185.1,0,2019
"235",62.3,187.1,0,2019
"236",62.3,189.1,0,2019
"237",62.3,191.1,0,2019
"238",62.3,193.1,0,2019
"239",62.3,195.1,0,2019
"240",62.3,197.1,0,2019
"241",62.3,199.1,0,2019
"242",62.3,201.1,0,2019
"243",64.3,181.1,0,2019
"244",64.3,183.1,0,2019
"245",64.3,185.1,0,2019
"246",64.3,187.1,0,2019
"247",64.3,189.1,0,2019
"248",64.3,191.1,0,2019
"249",64.3,193.1,0,2019
"250",64.3,195.1,0,2019
"251",64.3,197.1,0,2019
"252",64.3,199.1,0,2019
"253",64.3,201.1,0,2019
"254",66.3,181.1,0,2019
"255",66.3,183.1,0,2019
"256",66.3,185.1,0,2019
"257",66.3,187.1,0,2019
"258",66.3,189.1,0,2019
"259",66.3,191.1,0,2019
"260",66.3,193.1,0,2019
"261",66.3,195.1,0,2019
"262",66.3,197.1,0,2019
"263",66.3,199.1,0,2019
"264",66.3,201.1,0,2019
"265",52.3,181.1,0,2018
"266",52.3,183.1,0,2018
"267",52.3,185.1,0,2018
"268",52.3,187.1,0,2018
"269",52.3,189.1,0,2018
"270",52.3,191.1,0,2018
"271",52.3,193.1,146.4,2018
"272",52.3,195.1,0,2018
"273",52.3,197.1,0,2018
"274",52.3,199.1,0,2018
"275",52.3,201.1,0,2018
"276",54.3,181.1,0,2018
"277",54.3,183.1,0,2018
"278",54.3,185.1,0,2018
"279",54.3,187.1,0,2018
"280",54.3,189.1,0,2018
"281",54.3,191.1,182.25,2018
"282",54.3,193.1,269529.91,2018
"283",54.3,195.1,156194.77,2018
"284",54.3,197.1,290211.6,2018
"285",54.3,199.1,0,2018
"286",54.3,201.1,0,2018
"287",56.3,181.1,0,2018
"288",56.3,183.1,0,2018
"289",56.3,185.1,91.75,2018
"290",56.3,187.1,1076130.5,2018
"291",56.3,189.1,2182755.18,2018
"292",56.3,191.1,20352763.43,2018
"293",56.3,193.1,35986803.97,2018
"294",56.3,195.1,16133860.33,2018
"295",56.3,197.1,607411.08,2018
"296",56.3,199.1,0,2018
"297",56.3,201.1,0,2018
"298",58.3,181.1,0,2018
"299",58.3,183.1,23.06,2018
"300",58.3,185.1,1201.44,2018
"301",58.3,187.1,710953.19,2018
"302",58.3,189.1,16770402.4,2018
"303",58.3,191.1,39987.05,2018
"304",58.3,193.1,11284778.64,2018
"305",58.3,195.1,12842980.88,2018
"306",58.3,197.1,2484880.16,2018
"307",58.3,199.1,0,2018
"308",58.3,201.1,0,2018
"309",60.3,181.1,0,2018
"310",60.3,183.1,0,2018
"311",60.3,185.1,0,2018
"312",60.3,187.1,0,2018
"313",60.3,189.1,0,2018
"314",60.3,191.1,0,2018
"315",60.3,193.1,0,2018
"316",60.3,195.1,0,2018
"317",60.3,197.1,0,2018
"318",60.3,199.1,0,2018
"319",60.3,201.1,0,2018
"320",62.3,181.1,0,2018
"321",62.3,183.1,0,2018
"322",62.3,185.1,0,2018
"323",62.3,187.1,0,2018
"324",62.3,189.1,0,2018
"325",62.3,191.1,0,2018
"326",62.3,193.1,0,2018
"327",62.3,195.1,0,2018
"328",62.3,197.1,0,2018
"329",62.3,199.1,0,2018
"330",62.3,201.1,0,2018
"331",64.3,181.1,0,2018
"332",64.3,183.1,0,2018
"333",64.3,185.1,0,2018
"334",64.3,187.1,0,2018
"335",64.3,189.1,0,2018
"336",64.3,191.1,0,2018
"337",64.3,193.1,0,2018
"338",64.3,195.1,0,2018
"339",64.3,197.1,0,2018
"340",64.3,199.1,0,2018
"341",64.3,201.1,0,2018
"342",66.3,181.1,0,2018
"343",66.3,183.1,0,2018
"344",66.3,185.1,0,2018
"345",66.3,187.1,0,2018
"346",66.3,189.1,0,2018
"347",66.3,191.1,0,2018
"348",66.3,193.1,0,2018
"349",66.3,195.1,0,2018
"350",66.3,197.1,0,2018
"351",66.3,199.1,0,2018
"352",66.3,201.1,0,2018
"353",52.3,181.1,0,2017
"354",52.3,183.1,0,2017
"355",52.3,185.1,0,2017
"356",52.3,187.1,0,2017
"357",52.3,189.1,41.55,2017
"358",52.3,191.1,0,2017
"359",52.3,193.1,46.89,2017
"360",52.3,195.1,0,2017
"361",52.3,197.1,0,2017
"362",52.3,199.1,0,2017
"363",52.3,201.1,0,2017
"364",54.3,181.1,0,2017
"365",54.3,183.1,0,2017
"366",54.3,185.1,0,2017
"367",54.3,187.1,0,2017
"368",54.3,189.1,688.04,2017
"369",54.3,191.1,71.09,2017
"370",54.3,193.1,95737.29,2017
"371",54.3,195.1,306739.17,2017
"372",54.3,197.1,648310.74,2017
"373",54.3,199.1,0,2017
"374",54.3,201.1,0,2017
"375",56.3,181.1,0,2017
"376",56.3,183.1,0,2017
"377",56.3,185.1,16.34,2017
"378",56.3,187.1,3262542.78,2017
"379",56.3,189.1,345529.89,2017
"380",56.3,191.1,15001303.51,2017
"381",56.3,193.1,33711345.61,2017
"382",56.3,195.1,47219791.52,2017
"383",56.3,197.1,5652554.11,2017
"384",56.3,199.1,0,2017
"385",56.3,201.1,0,2017
"386",58.3,181.1,5.92,2017
"387",58.3,183.1,0,2017
"388",58.3,185.1,86.35,2017
"389",58.3,187.1,1534.02,2017
"390",58.3,189.1,1678622.2,2017
"391",58.3,191.1,273123.04,2017
"392",58.3,193.1,9130.82,2017
"393",58.3,195.1,12252958.27,2017
"394",58.3,197.1,4408883.53,2017
"395",58.3,199.1,0,2017
"396",58.3,201.1,0,2017
"397",60.3,181.1,0,2017
"398",60.3,183.1,0,2017
"399",60.3,185.1,0,2017
"400",60.3,187.1,0,2017
"401",60.3,189.1,0,2017
"402",60.3,191.1,0,2017
"403",60.3,193.1,0,2017
"404",60.3,195.1,0,2017
"405",60.3,197.1,0,2017
"406",60.3,199.1,0,2017
"407",60.3,201.1,0,2017
"408",62.3,181.1,0,2017
"409",62.3,183.1,0,2017
"410",62.3,185.1,0,2017
"411",62.3,187.1,0,2017
"412",62.3,189.1,0,2017
"413",62.3,191.1,0,2017
"414",62.3,193.1,0,2017
"415",62.3,195.1,0,2017
"416",62.3,197.1,0,2017
"417",62.3,199.1,0,2017
"418",62.3,201.1,0,2017
"419",64.3,181.1,0,2017
"420",64.3,183.1,0,2017
"421",64.3,185.1,0,2017
"422",64.3,187.1,0,2017
"423",64.3,189.1,0,2017
"424",64.3,191.1,0,2017
"425",64.3,193.1,0,2017
"426",64.3,195.1,0,2017
"427",64.3,197.1,0,2017
"428",64.3,199.1,0,2017
"429",64.3,201.1,0,2017
"430",66.3,181.1,0,2017
"431",66.3,183.1,0,2017
"432",66.3,185.1,0,2017
"433",66.3,187.1,0,2017
"434",66.3,189.1,0,2017
"435",66.3,191.1,0,2017
"436",66.3,193.1,0,2017
"437",66.3,195.1,0,2017
"438",66.3,197.1,0,2017
"439",66.3,199.1,0,2017
"440",66.3,201.1,0,2017
"441",52.3,181.1,0,2016
"442",52.3,183.1,0,2016
"443",52.3,185.1,0,2016
"444",52.3,187.1,0,2016
"445",52.3,189.1,50.34,2016
"446",52.3,191.1,0,2016
"447",52.3,193.1,30.57,2016
"448",52.3,195.1,0,2016
"449",52.3,197.1,0,2016
"450",52.3,199.1,0,2016
"451",52.3,201.1,0,2016
"452",54.3,181.1,0,2016
"453",54.3,183.1,0,2016
"454",54.3,185.1,0,2016
"455",54.3,187.1,0,2016
"456",54.3,189.1,13.99,2016
"457",54.3,191.1,43.89,2016
"458",54.3,193.1,18205.54,2016
"459",54.3,195.1,100720.24,2016
"460",54.3,197.1,1769396.16,2016
"461",54.3,199.1,0,2016
"462",54.3,201.1,0,2016
"463",56.3,181.1,0,2016
"464",56.3,183.1,0,2016
"465",56.3,185.1,707.66,2016
"466",56.3,187.1,17097.2,2016
"467",56.3,189.1,1480229.4,2016
"468",56.3,191.1,13815294.97,2016
"469",56.3,193.1,44436156.64,2016
"470",56.3,195.1,26600307.94,2016
"471",56.3,197.1,9756263.72,2016
"472",56.3,199.1,0,2016
"473",56.3,201.1,0,2016
"474",58.3,181.1,0,2016
"475",58.3,183.1,0,2016
"476",58.3,185.1,0,2016
"477",58.3,187.1,5338.53,2016
"478",58.3,189.1,6501906.17,2016
"479",58.3,191.1,1159743.33,2016
"480",58.3,193.1,1311163.97,2016
"481",58.3,195.1,7480182.93,2016
"482",58.3,197.1,739190.82,2016
"483",58.3,199.1,0,2016
"484",58.3,201.1,0,2016
"485",60.3,181.1,0,2016
"486",60.3,183.1,0,2016
"487",60.3,185.1,0,2016
"488",60.3,187.1,0,2016
"489",60.3,189.1,0,2016
"490",60.3,191.1,0,2016
"491",60.3,193.1,0,2016
"492",60.3,195.1,0,2016
"493",60.3,197.1,0,2016
"494",60.3,199.1,0,2016
"495",60.3,201.1,0,2016
"496",62.3,181.1,0,2016
"497",62.3,183.1,0,2016
"498",62.3,185.1,0,2016
"499",62.3,187.1,0,2016
"500",62.3,189.1,0,2016
"501",62.3,191.1,0,2016
"502",62.3,193.1,0,2016
"503",62.3,195.1,0,2016
"504",62.3,197.1,0,2016
"505",62.3,199.1,0,2016
"506",62.3,201.1,0,2016
"507",64.3,181.1,0,2016
"508",64.3,183.1,0,2016
"509",64.3,185.1,0,2016
"510",64.3,187.1,0,2016
"511",64.3,189.1,0,2016
"512",64.3,191.1,0,2016
"513",64.3,193.1,0,2016
"514",64.3,195.1,0,2016
"515",64.3,197.1,0,2016
"516",64.3,199.1,0,2016
"517",64.3,201.1,0,2016
"518",66.3,181.1,0,2016
"519",66.3,183.1,0,2016
"520",66.3,185.1,0,2016
"521",66.3,187.1,0,2016
"522",66.3,189.1,0,2016
"523",66.3,191.1,0,2016
"524",66.3,193.1,0,2016
"525",66.3,195.1,0,2016
"526",66.3,197.1,0,2016
"527",66.3,199.1,0,2016
"528",66.3,201.1,0,2016
"529",52.3,181.1,0,2015
"530",52.3,183.1,0,2015
"531",52.3,185.1,0,2015
"532",52.3,187.1,0,2015
"533",52.3,189.1,0,2015
"534",52.3,191.1,0,2015
"535",52.3,193.1,21.28,2015
"536",52.3,195.1,0,2015
"537",52.3,197.1,0,2015
"538",52.3,199.1,0,2015
"539",52.3,201.1,0,2015
"540",54.3,181.1,0,2015
"541",54.3,183.1,0,2015
"542",54.3,185.1,0,2015
"543",54.3,187.1,0,2015
"544",54.3,189.1,81.84,2015
"545",54.3,191.1,84.95,2015
"546",54.3,193.1,6803.1,2015
"547",54.3,195.1,405352.15,2015
"548",54.3,197.1,448586.84,2015
"549",54.3,199.1,0,2015
"550",54.3,201.1,0,2015
"551",56.3,181.1,0,2015
"552",56.3,183.1,0,2015
"553",56.3,185.1,21.94,2015
"554",56.3,187.1,6077597.77,2015
"555",56.3,189.1,2430072.68,2015
"556",56.3,191.1,30791055.75,2015
"557",56.3,193.1,31178913.02,2015
"558",56.3,195.1,19247734.5,2015
"559",56.3,197.1,4793445.21,2015
"560",56.3,199.1,0,2015
"561",56.3,201.1,0,2015
"562",58.3,181.1,0,2015
"563",58.3,183.1,86.11,2015
"564",58.3,185.1,16.4,2015
"565",58.3,187.1,8436.08,2015
"566",58.3,189.1,4033353.69,2015
"567",58.3,191.1,2333968.04,2015
"568",58.3,193.1,130378.7,2015
"569",58.3,195.1,5597205.04,2015
"570",58.3,197.1,537761.31,2015
"571",58.3,199.1,0,2015
"572",58.3,201.1,0,2015
"573",60.3,181.1,0,2015
"574",60.3,183.1,0,2015
"575",60.3,185.1,0,2015
"576",60.3,187.1,0,2015
"577",60.3,189.1,0,2015
"578",60.3,191.1,0,2015
"579",60.3,193.1,0,2015
"580",60.3,195.1,0,2015
"581",60.3,197.1,0,2015
"582",60.3,199.1,0,2015
"583",60.3,201.1,0,2015
"584",62.3,181.1,0,2015
"585",62.3,183.1,0,2015
"586",62.3,185.1,0,2015
"587",62.3,187.1,0,2015
"588",62.3,189.1,0,2015
"589",62.3,191.1,0,2015
"590",62.3,193.1,0,2015
"591",62.3,195.1,0,2015
"592",62.3,197.1,0,2015
"593",62.3,199.1,0,2015
"594",62.3,201.1,0,2015
"595",64.3,181.1,0,2015
"596",64.3,183.1,0,2015
"597",64.3,185.1,0,2015
"598",64.3,187.1,0,2015
"599",64.3,189.1,0,2015
"600",64.3,191.1,0,2015
"601",64.3,193.1,0,2015
"602",64.3,195.1,0,2015
"603",64.3,197.1,0,2015
"604",64.3,199.1,0,2015
"605",64.3,201.1,0,2015
"606",66.3,181.1,0,2015
"607",66.3,183.1,0,2015
"608",66.3,185.1,0,2015
"609",66.3,187.1,0,2015
"610",66.3,189.1,0,2015
"611",66.3,191.1,0,2015
"612",66.3,193.1,0,2015
"613",66.3,195.1,0,2015
"614",66.3,197.1,0,2015
"615",66.3,199.1,0,2015
"616",66.3,201.1,0,2015
"617",52.3,181.1,0,2014
"618",52.3,183.1,0,2014
"619",52.3,185.1,0,2014
"620",52.3,187.1,0,2014
"621",52.3,189.1,0,2014
"622",52.3,191.1,0,2014
"623",52.3,193.1,271.3,2014
"624",52.3,195.1,0,2014
"625",52.3,197.1,0,2014
"626",52.3,199.1,0,2014
"627",52.3,201.1,0,2014
"628",54.3,181.1,0,2014
"629",54.3,183.1,0,2014
"630",54.3,185.1,0,2014
"631",54.3,187.1,0,2014
"632",54.3,189.1,90.92,2014
"633",54.3,191.1,19.03,2014
"634",54.3,193.1,11963.81,2014
"635",54.3,195.1,798352.67,2014
"636",54.3,197.1,526420.38,2014
"637",54.3,199.1,0,2014
"638",54.3,201.1,0,2014
"639",56.3,181.1,0,2014
"640",56.3,183.1,0,2014
"641",56.3,185.1,0,2014
"642",56.3,187.1,12977908.56,2014
"643",56.3,189.1,304444.76,2014
"644",56.3,191.1,16063397.76,2014
"645",56.3,193.1,62625361.16,2014
"646",56.3,195.1,25226304.68,2014
"647",56.3,197.1,1002731.19,2014
"648",56.3,199.1,0,2014
"649",56.3,201.1,0,2014
"650",58.3,181.1,23.04,2014
"651",58.3,183.1,0,2014
"652",58.3,185.1,0,2014
"653",58.3,187.1,5488.09,2014
"654",58.3,189.1,863.32,2014
"655",58.3,191.1,89683.97,2014
"656",58.3,193.1,15186.94,2014
"657",58.3,195.1,14148964.24,2014
"658",58.3,197.1,0,2014
"659",58.3,199.1,0,2014
"660",58.3,201.1,0,2014
"661",60.3,181.1,0,2014
"662",60.3,183.1,0,2014
"663",60.3,185.1,0,2014
"664",60.3,187.1,0,2014
"665",60.3,189.1,0,2014
"666",60.3,191.1,0,2014
"667",60.3,193.1,0,2014
"668",60.3,195.1,0,2014
"669",60.3,197.1,0,2014
"670",60.3,199.1,0,2014
"671",60.3,201.1,0,2014
"672",62.3,181.1,0,2014
"673",62.3,183.1,0,2014
"674",62.3,185.1,0,2014
"675",62.3,187.1,0,2014
"676",62.3,189.1,0,2014
"677",62.3,191.1,0,2014
"678",62.3,193.1,0,2014
"679",62.3,195.1,0,2014
"680",62.3,197.1,0,2014
"681",62.3,199.1,0,2014
"682",62.3,201.1,0,2014
"683",64.3,181.1,0,2014
"684",64.3,183.1,0,2014
"685",64.3,185.1,0,2014
"686",64.3,187.1,0,2014
"687",64.3,189.1,0,2014
"688",64.3,191.1,0,2014
"689",64.3,193.1,0,2014
"690",64.3,195.1,0,2014
"691",64.3,197.1,0,2014
"692",64.3,199.1,0,2014
"693",64.3,201.1,0,2014
"694",66.3,181.1,0,2014
"695",66.3,183.1,0,2014
"696",66.3,185.1,0,2014
"697",66.3,187.1,0,2014
"698",66.3,189.1,0,2014
"699",66.3,191.1,0,2014
"700",66.3,193.1,0,2014
"701",66.3,195.1,0,2014
"702",66.3,197.1,0,2014
"703",66.3,199.1,0,2014
"704",66.3,201.1,0,2014
"705",52.3,181.1,0,2013
"706",52.3,183.1,0,2013
"707",52.3,185.1,0,2013
"708",52.3,187.1,0,2013
"709",52.3,189.1,0,2013
"710",52.3,191.1,0,2013
"711",52.3,193.1,150.56,2013
"712",52.3,195.1,0,2013
"713",52.3,197.1,0,2013
"714",52.3,199.1,0,2013
"715",52.3,201.1,0,2013
"716",54.3,181.1,0,2013
"717",54.3,183.1,0,2013
"718",54.3,185.1,0,2013
"719",54.3,187.1,0,2013
"720",54.3,189.1,83.95,2013
"721",54.3,191.1,621.62,2013
"722",54.3,193.1,1019871.49,2013
"723",54.3,195.1,6522646.81,2013
"724",54.3,197.1,1016629.36,2013
"725",54.3,199.1,0,2013
"726",54.3,201.1,0,2013
"727",56.3,181.1,0,2013
"728",56.3,183.1,0,2013
"729",56.3,185.1,83.02,2013
"730",56.3,187.1,37106777.29,2013
"731",56.3,189.1,167280.76,2013
"732",56.3,191.1,26336819.14,2013
"733",56.3,193.1,30736798.11,2013
"734",56.3,195.1,35466970.45,2013
"735",56.3,197.1,6742193.01,2013
"736",56.3,199.1,0,2013
"737",56.3,201.1,0,2013
"738",58.3,181.1,47.25,2013
"739",58.3,183.1,45.98,2013
"740",58.3,185.1,135.7,2013
"741",58.3,187.1,1067769.7,2013
"742",58.3,189.1,290.78,2013
"743",58.3,191.1,10651.78,2013
"744",58.3,193.1,8377.91,2013
"745",58.3,195.1,4297239.4,2013
"746",58.3,197.1,0,2013
"747",58.3,199.1,0,2013
"748",58.3,201.1,0,2013
"749",60.3,181.1,0,2013
"750",60.3,183.1,0,2013
"751",60.3,185.1,0,2013
"752",60.3,187.1,0,2013
"753",60.3,189.1,0,2013
"754",60.3,191.1,0,2013
"755",60.3,193.1,0,2013
"756",60.3,195.1,0,2013
"757",60.3,197.1,0,2013
"758",60.3,199.1,0,2013
"759",60.3,201.1,0,2013
"760",62.3,181.1,0,2013
"761",62.3,183.1,0,2013
"762",62.3,185.1,0,2013
"763",62.3,187.1,0,2013
"764",62.3,189.1,0,2013
"765",62.3,191.1,0,2013
"766",62.3,193.1,0,2013
"767",62.3,195.1,0,2013
"768",62.3,197.1,0,2013
"769",62.3,199.1,0,2013
"770",62.3,201.1,0,2013
"771",64.3,181.1,0,2013
"772",64.3,183.1,0,2013
"773",64.3,185.1,0,2013
"774",64.3,187.1,0,2013
"775",64.3,189.1,0,2013
"776",64.3,191.1,0,2013
"777",64.3,193.1,0,2013
"778",64.3,195.1,0,2013
"779",64.3,197.1,0,2013
"780",64.3,199.1,0,2013
"781",64.3,201.1,0,2013
"782",66.3,181.1,0,2013
"783",66.3,183.1,0,2013
"784",66.3,185.1,0,2013
"785",66.3,187.1,0,2013
"786",66.3,189.1,0,2013
"787",66.3,191.1,0,2013
"788",66.3,193.1,0,2013
"789",66.3,195.1,0,2013
"790",66.3,197.1,0,2013
"791",66.3,199.1,0,2013
"792",66.3,201.1,0,2013
"793",52.3,181.1,0,2012
"794",52.3,183.1,0,2012
"795",52.3,185.1,0,2012
"796",52.3,187.1,0,2012
"797",52.3,189.1,0,2012
"798",52.3,191.1,0,2012
"799",52.3,193.1,757.9,2012
"800",52.3,195.1,0,2012
"801",52.3,197.1,0,2012
"802",52.3,199.1,0,2012
"803",52.3,201.1,0,2012
"804",54.3,181.1,0,2012
"805",54.3,183.1,0,2012
"806",54.3,185.1,0,2012
"807",54.3,187.1,0,2012
"808",54.3,189.1,22.34,2012
"809",54.3,191.1,14.65,2012
"810",54.3,193.1,1709713.17,2012
"811",54.3,195.1,24455191.09,2012
"812",54.3,197.1,173153.26,2012
"813",54.3,199.1,0,2012
"814",54.3,201.1,0,2012
"815",56.3,181.1,0,2012
"816",56.3,183.1,0,2012
"817",56.3,185.1,0,2012
"818",56.3,187.1,11300384.28,2012
"819",56.3,189.1,2998.62,2012
"820",56.3,191.1,18917512.84,2012
"821",56.3,193.1,39477315.48,2012
"822",56.3,195.1,24760340.43,2012
"823",56.3,197.1,1568166.97,2012
"824",56.3,199.1,0,2012
"825",56.3,201.1,0,2012
"826",58.3,181.1,254.73,2012
"827",58.3,183.1,446.29,2012
"828",58.3,185.1,0,2012
"829",58.3,187.1,38.89,2012
"830",58.3,189.1,0,2012
"831",58.3,191.1,922253.09,2012
"832",58.3,193.1,945676.67,2012
"833",58.3,195.1,16742307.34,2012
"834",58.3,197.1,19513.21,2012
"835",58.3,199.1,0,2012
"836",58.3,201.1,0,2012
"837",60.3,181.1,0,2012
"838",60.3,183.1,0,2012
"839",60.3,185.1,0,2012
"840",60.3,187.1,0,2012
"841",60.3,189.1,0,2012
"842",60.3,191.1,0,2012
"843",60.3,193.1,0,2012
"844",60.3,195.1,0,2012
"845",60.3,197.1,0,2012
"846",60.3,199.1,0,2012
"847",60.3,201.1,0,2012
"848",62.3,181.1,0,2012
"849",62.3,183.1,0,2012
"850",62.3,185.1,0,2012
"851",62.3,187.1,0,2012
"852",62.3,189.1,0,2012
"853",62.3,191.1,0,2012
"854",62.3,193.1,0,2012
"855",62.3,195.1,0,2012
"856",62.3,197.1,0,2012
"857",62.3,199.1,0,2012
"858",62.3,201.1,0,2012
"859",64.3,181.1,0,2012
"860",64.3,183.1,0,2012
"861",64.3,185.1,0,2012
"862",64.3,187.1,0,2012
"863",64.3,189.1,0,2012
"864",64.3,191.1,0,2012
"865",64.3,193.1,0,2012
"866",64.3,195.1,0,2012
"867",64.3,197.1,0,2012
"868",64.3,199.1,0,2012
"869",64.3,201.1,0,2012
"870",66.3,181.1,0,2012
"871",66.3,183.1,0,2012
"872",66.3,185.1,0,2012
"873",66.3,187.1,0,2012
"874",66.3,189.1,0,2012
"875",66.3,191.1,0,2012
"876",66.3,193.1,0,2012
"877",66.3,195.1,0,2012
"878",66.3,197.1,0,2012
"879",66.3,199.1,0,2012
"880",66.3,201.1,0,2012
"881",52.3,181.1,0,2011
"882",52.3,183.1,0,2011
"883",52.3,185.1,0,2011
"884",52.3,187.1,0,2011
"885",52.3,189.1,0,2011
"886",52.3,191.1,0,2011
"887",52.3,193.1,22.27,2011
"888",52.3,195.1,0,2011
"889",52.3,197.1,0,2011
"890",52.3,199.1,0,2011
"891",52.3,201.1,0,2011
"892",54.3,181.1,0,2011
"893",54.3,183.1,0,2011
"894",54.3,185.1,0,2011
"895",54.3,187.1,0,2011
"896",54.3,189.1,570.13,2011
"897",54.3,191.1,311.43,2011
"898",54.3,193.1,2101622.95,2011
"899",54.3,195.1,6690190.07,2011
"900",54.3,197.1,1241044.65,2011
"901",54.3,199.1,0,2011
"902",54.3,201.1,0,2011
"903",56.3,181.1,0,2011
"904",56.3,183.1,0,2011
"905",56.3,185.1,62.79,2011
"906",56.3,187.1,21946108.99,2011
"907",56.3,189.1,448864.14,2011
"908",56.3,191.1,1387665.48,2011
"909",56.3,193.1,50061526.05,2011
"910",56.3,195.1,26135742.61,2011
"911",56.3,197.1,2956079.31,2011
"912",56.3,199.1,0,2011
"913",56.3,201.1,0,2011
"914",58.3,181.1,37.3,2011
"915",58.3,183.1,0,2011
"916",58.3,185.1,0,2011
"917",58.3,187.1,91.81,2011
"918",58.3,189.1,24.61,2011
"919",58.3,191.1,0,2011
"920",58.3,193.1,2054019.47,2011
"921",58.3,195.1,26605639.27,2011
"922",58.3,197.1,23658.84,2011
"923",58.3,199.1,0,2011
"924",58.3,201.1,0,2011
"925",60.3,181.1,0,2011
"926",60.3,183.1,0,2011
"927",60.3,185.1,0,2011
"928",60.3,187.1,0,2011
"929",60.3,189.1,0,2011
"930",60.3,191.1,0,2011
"931",60.3,193.1,0,2011
"932",60.3,195.1,0,2011
"933",60.3,197.1,0,2011
"934",60.3,199.1,0,2011
"935",60.3,201.1,0,2011
"936",62.3,181.1,0,2011
"937",62.3,183.1,0,2011
"938",62.3,185.1,0,2011
"939",62.3,187.1,0,2011
"940",62.3,189.1,0,2011
"941",62.3,191.1,0,2011
"942",62.3,193.1,0,2011
"943",62.3,195.1,0,2011
"944",62.3,197.1,0,2011
"945",62.3,199.1,0,2011
"946",62.3,201.1,0,2011
"947",64.3,181.1,0,2011
"948",64.3,183.1,0,2011
"949",64.3,185.1,0,2011
"950",64.3,187.1,0,2011
"951",64.3,189.1,0,2011
"952",64.3,191.1,0,2011
"953",64.3,193.1,0,2011
"954",64.3,195.1,0,2011
"955",64.3,197.1,0,2011
"956",64.3,199.1,0,2011
"957",64.3,201.1,0,2011
"958",66.3,181.1,0,2011
"959",66.3,183.1,0,2011
"960",66.3,185.1,0,2011
"961",66.3,187.1,0,2011
"962",66.3,189.1,0,2011
"963",66.3,191.1,0,2011
"964",66.3,193.1,0,2011
"965",66.3,195.1,0,2011
"966",66.3,197.1,0,2011
"967",66.3,199.1,0,2011
"968",66.3,201.1,0,2011
"969",52.3,181.1,0,2010
"970",52.3,183.1,0,2010
"971",52.3,185.1,0,2010
"972",52.3,187.1,0,2010
"973",52.3,189.1,0.65,2010
"974",52.3,191.1,0,2010
"975",52.3,193.1,0,2010
"976",52.3,195.1,0,2010
"977",52.3,197.1,0,2010
"978",52.3,199.1,0,2010
"979",52.3,201.1,0,2010
"980",54.3,181.1,0,2010
"981",54.3,183.1,0,2010
"982",54.3,185.1,0,2010
"983",54.3,187.1,0,2010
"984",54.3,189.1,305.51,2010
"985",54.3,191.1,4.9,2010
"986",54.3,193.1,2519814.85,2010
"987",54.3,195.1,12936683.41,2010
"988",54.3,197.1,659006.49,2010
"989",54.3,199.1,0,2010
"990",54.3,201.1,0,2010
"991",56.3,181.1,0,2010
"992",56.3,183.1,0,2010
"993",56.3,185.1,0,2010
"994",56.3,187.1,20481768.31,2010
"995",56.3,189.1,67399.22,2010
"996",56.3,191.1,6850663.2,2010
"997",56.3,193.1,22898604.52,2010
"998",56.3,195.1,21099196.58,2010
"999",56.3,197.1,13032832.16,2010
"1000",56.3,199.1,0,2010
"1001",56.3,201.1,0,2010
"1002",58.3,181.1,0,2010
"1003",58.3,183.1,0,2010
"1004",58.3,185.1,0,2010
"1005",58.3,187.1,0,2010
"1006",58.3,189.1,9000.24,2010
"1007",58.3,191.1,207013.79,2010
"1008",58.3,193.1,430474.91,2010
"1009",58.3,195.1,4822333.59,2010
"1010",58.3,197.1,1633.94,2010
"1011",58.3,199.1,0,2010
"1012",58.3,201.1,0,2010
"1013",60.3,181.1,0,2010
"1014",60.3,183.1,0,2010
"1015",60.3,185.1,0,2010
"1016",60.3,187.1,0,2010
"1017",60.3,189.1,0,2010
"1018",60.3,191.1,0,2010
"1019",60.3,193.1,0,2010
"1020",60.3,195.1,0,2010
"1021",60.3,197.1,0,2010
"1022",60.3,199.1,0,2010
"1023",60.3,201.1,0,2010
"1024",62.3,181.1,0,2010
"1025",62.3,183.1,0,2010
"1026",62.3,185.1,0,2010
"1027",62.3,187.1,0,2010
"1028",62.3,189.1,0,2010
"1029",62.3,191.1,0,2010
"1030",62.3,193.1,0,2010
"1031",62.3,195.1,0,2010
"1032",62.3,197.1,0,2010
"1033",62.3,199.1,0,2010
"1034",62.3,201.1,0,2010
"1035",64.3,181.1,0,2010
"1036",64.3,183.1,0,2010
"1037",64.3,185.1,0,2010
"1038",64.3,187.1,0,2010
"1039",64.3,189.1,0,2010
"1040",64.3,191.1,0,2010
"1041",64.3,193.1,0,2010
"1042",64.3,195.1,0,2010
"1043",64.3,197.1,0,2010
"1044",64.3,199.1,0,2010
"1045",64.3,201.1,0,2010
"1046",66.3,181.1,0,2010
"1047",66.3,183.1,0,2010
"1048",66.3,185.1,0,2010
"1049",66.3,187.1,0,2010
"1050",66.3,189.1,0,2010
"1051",66.3,191.1,0,2010
"1052",66.3,193.1,0,2010
"1053",66.3,195.1,0,2010
"1054",66.3,197.1,0,2010
"1055",66.3,199.1,0,2010
"1056",66.3,201.1,0,2010
"1057",52.3,181.1,0,2009
"1058",52.3,183.1,0,2009
"1059",52.3,185.1,0,2009
"1060",52.3,187.1,0,2009
"1061",52.3,189.1,0,2009
"1062",52.3,191.1,0,2009
"1063",52.3,193.1,2.95,2009
"1064",52.3,195.1,0,2009
"1065",52.3,197.1,0,2009
"1066",52.3,199.1,0,2009
"1067",52.3,201.1,0,2009
"1068",54.3,181.1,0,2009
"1069",54.3,183.1,0,2009
"1070",54.3,185.1,0,2009
"1071",54.3,187.1,0,2009
"1072",54.3,189.1,143.55,2009
"1073",54.3,191.1,1470.62,2009
"1074",54.3,193.1,8954589.82,2009
"1075",54.3,195.1,18390764.82,2009
"1076",54.3,197.1,106071.53,2009
"1077",54.3,199.1,0,2009
"1078",54.3,201.1,0,2009
"1079",56.3,181.1,0,2009
"1080",56.3,183.1,0,2009
"1081",56.3,185.1,0,2009
"1082",56.3,187.1,14432165.55,2009
"1083",56.3,189.1,74254.01,2009
"1084",56.3,191.1,1529872.89,2009
"1085",56.3,193.1,19245860.8,2009
"1086",56.3,195.1,34505217.95,2009
"1087",56.3,197.1,245873.07,2009
"1088",56.3,199.1,0,2009
"1089",56.3,201.1,0,2009
"1090",58.3,181.1,0,2009
"1091",58.3,183.1,268.36,2009
"1092",58.3,185.1,111.44,2009
"1093",58.3,187.1,571.04,2009
"1094",58.3,189.1,878.12,2009
"1095",58.3,191.1,24414.88,2009
"1096",58.3,193.1,3171304.59,2009
"1097",58.3,195.1,3267284.92,2009
"1098",58.3,197.1,96289.48,2009
"1099",58.3,199.1,0,2009
"1100",58.3,201.1,0,2009
"1101",60.3,181.1,33.73,2009
"1102",60.3,183.1,0,2009
"1103",60.3,185.1,0,2009
"1104",60.3,187.1,0,2009
"1105",60.3,189.1,0,2009
"1106",60.3,191.1,0,2009
"1107",60.3,193.1,0,2009
"1108",60.3,195.1,0,2009
"1109",60.3,197.1,0,2009
"1110",60.3,199.1,0,2009
"1111",60.3,201.1,0,2009
"1112",62.3,181.1,0,2009
"1113",62.3,183.1,0,2009
"1114",62.3,185.1,0,2009
"1115",62.3,187.1,0,2009
"1116",62.3,189.1,0,2009
"1117",62.3,191.1,0,2009
"1118",62.3,193.1,0,2009
"1119",62.3,195.1,0,2009
"1120",62.3,197.1,0,2009
"1121",62.3,199.1,0,2009
"1122",62.3,201.1,0,2009
"1123",64.3,181.1,0,2009
"1124",64.3,183.1,0,2009
"1125",64.3,185.1,0,2009
"1126",64.3,187.1,0,2009
"1127",64.3,189.1,0,2009
"1128",64.3,191.1,0,2009
"1129",64.3,193.1,0,2009
"1130",64.3,195.1,0,2009
"1131",64.3,197.1,0,2009
"1132",64.3,199.1,0,2009
"1133",64.3,201.1,0,2009
"1134",66.3,181.1,0,2009
"1135",66.3,183.1,0,2009
"1136",66.3,185.1,0,2009
"1137",66.3,187.1,0,2009
"1138",66.3,189.1,0,2009
"1139",66.3,191.1,0,2009
"1140",66.3,193.1,0,2009
"1141",66.3,195.1,0,2009
"1142",66.3,197.1,0,2009
"1143",66.3,199.1,0,2009
"1144",66.3,201.1,0,2009
"1145",52.3,181.1,0,2008
"1146",52.3,183.1,0,2008
"1147",52.3,185.1,0,2008
"1148",52.3,187.1,0,2008
"1149",52.3,189.1,0,2008
"1150",52.3,191.1,0,2008
"1151",52.3,193.1,0,2008
"1152",52.3,195.1,0,2008
"1153",52.3,197.1,0,2008
"1154",52.3,199.1,0,2008
"1155",52.3,201.1,0,2008
"1156",54.3,181.1,0,2008
"1157",54.3,183.1,0,2008
"1158",54.3,185.1,0,2008
"1159",54.3,187.1,0,2008
"1160",54.3,189.1,11.21,2008
"1161",54.3,191.1,16.24,2008
"1162",54.3,193.1,2113638.3,2008
"1163",54.3,195.1,19186655.91,2008
"1164",54.3,197.1,681277.12,2008
"1165",54.3,199.1,0,2008
"1166",54.3,201.1,0,2008
"1167",56.3,181.1,0,2008
"1168",56.3,183.1,0,2008
"1169",56.3,185.1,125.17,2008
"1170",56.3,187.1,5788196.04,2008
"1171",56.3,189.1,4296975.91,2008
"1172",56.3,191.1,13303348.47,2008
"1173",56.3,193.1,38827521.31,2008
"1174",56.3,195.1,48228221.48,2008
"1175",56.3,197.1,62916.21,2008
"1176",56.3,199.1,0,2008
"1177",56.3,201.1,0,2008
"1178",58.3,181.1,280.3,2008
"1179",58.3,183.1,1071.01,2008
"1180",58.3,185.1,941.12,2008
"1181",58.3,187.1,49651.82,2008
"1182",58.3,189.1,106778.07,2008
"1183",58.3,191.1,24645.47,2008
"1184",58.3,193.1,398045.68,2008
"1185",58.3,195.1,3322183.89,2008
"1186",58.3,197.1,10060.14,2008
"1187",58.3,199.1,0,2008
"1188",58.3,201.1,0,2008
"1189",60.3,181.1,0,2008
"1190",60.3,183.1,0,2008
"1191",60.3,185.1,0,2008
"1192",60.3,187.1,0,2008
"1193",60.3,189.1,0,2008
"1194",60.3,191.1,0,2008
"1195",60.3,193.1,0,2008
"1196",60.3,195.1,0,2008
"1197",60.3,197.1,0,2008
"1198",60.3,199.1,0,2008
"1199",60.3,201.1,0,2008
"1200",62.3,181.1,0,2008
"1201",62.3,183.1,0,2008
"1202",62.3,185.1,0,2008
"1203",62.3,187.1,0,2008
"1204",62.3,189.1,0,2008
"1205",62.3,191.1,0,2008
"1206",62.3,193.1,0,2008
"1207",62.3,195.1,0,2008
"1208",62.3,197.1,0,2008
"1209",62.3,199.1,0,2008
"1210",62.3,201.1,0,2008
"1211",64.3,181.1,0,2008
"1212",64.3,183.1,0,2008
"1213",64.3,185.1,0,2008
"1214",64.3,187.1,0,2008
"1215",64.3,189.1,0,2008
"1216",64.3,191.1,0,2008
"1217",64.3,193.1,0,2008
"1218",64.3,195.1,0,2008
"1219",64.3,197.1,0,2008
"1220",64.3,199.1,0,2008
"1221",64.3,201.1,0,2008
"1222",66.3,181.1,0,2008
"1223",66.3,183.1,0,2008
"1224",66.3,185.1,0,2008
"1225",66.3,187.1,0,2008
"1226",66.3,189.1,0,2008
"1227",66.3,191.1,0,2008
"1228",66.3,193.1,0,2008
"1229",66.3,195.1,0,2008
"1230",66.3,197.1,0,2008
"1231",66.3,199.1,0,2008
"1232",66.3,201.1,0,2008
"1233",52.3,181.1,0,2007
"1234",52.3,183.1,0,2007
"1235",52.3,185.1,44.6,2007
"1236",52.3,187.1,0,2007
"1237",52.3,189.1,0,2007
"1238",52.3,191.1,0,2007
"1239",52.3,193.1,37.18,2007
"1240",52.3,195.1,0,2007
"1241",52.3,197.1,0,2007
"1242",52.3,199.1,0,2007
"1243",52.3,201.1,0,2007
"1244",54.3,181.1,0,2007
"1245",54.3,183.1,0,2007
"1246",54.3,185.1,0,2007
"1247",54.3,187.1,0,2007
"1248",54.3,189.1,27.67,2007
"1249",54.3,191.1,4178.91,2007
"1250",54.3,193.1,182623.08,2007
"1251",54.3,195.1,1235753.53,2007
"1252",54.3,197.1,89300.32,2007
"1253",54.3,199.1,0,2007
"1254",54.3,201.1,0,2007
"1255",56.3,181.1,0,2007
"1256",56.3,183.1,0,2007
"1257",56.3,185.1,4.65,2007
"1258",56.3,187.1,21799023.77,2007
"1259",56.3,189.1,414428.22,2007
"1260",56.3,191.1,13976696.4,2007
"1261",56.3,193.1,19685244.69,2007
"1262",56.3,195.1,7766669.98,2007
"1263",56.3,197.1,662807.58,2007
"1264",56.3,199.1,0,2007
"1265",56.3,201.1,0,2007
"1266",58.3,181.1,46.93,2007
"1267",58.3,183.1,1565.8,2007
"1268",58.3,185.1,1785.13,2007
"1269",58.3,187.1,866.63,2007
"1270",58.3,189.1,0,2007
"1271",58.3,191.1,482173.51,2007
"1272",58.3,193.1,3500146.46,2007
"1273",58.3,195.1,5004414.34,2007
"1274",58.3,197.1,83430.08,2007
"1275",58.3,199.1,0,2007
"1276",58.3,201.1,0,2007
"1277",60.3,181.1,0,2007
"1278",60.3,183.1,0,2007
"1279",60.3,185.1,0,2007
"1280",60.3,187.1,0,2007
"1281",60.3,189.1,0,2007
"1282",60.3,191.1,0,2007
"1283",60.3,193.1,0,2007
"1284",60.3,195.1,0,2007
"1285",60.3,197.1,0,2007
"1286",60.3,199.1,0,2007
"1287",60.3,201.1,0,2007
"1288",62.3,181.1,0,2007
"1289",62.3,183.1,0,2007
"1290",62.3,185.1,0,2007
"1291",62.3,187.1,0,2007
"1292",62.3,189.1,0,2007
"1293",62.3,191.1,0,2007
"1294",62.3,193.1,0,2007
"1295",62.3,195.1,0,2007
"1296",62.3,197.1,0,2007
"1297",62.3,199.1,0,2007
"1298",62.3,201.1,0,2007
"1299",64.3,181.1,0,2007
"1300",64.3,183.1,0,2007
"1301",64.3,185.1,0,2007
"1302",64.3,187.1,0,2007
"1303",64.3,189.1,0,2007
"1304",64.3,191.1,0,2007
"1305",64.3,193.1,0,2007
"1306",64.3,195.1,0,2007
"1307",64.3,197.1,0,2007
"1308",64.3,199.1,0,2007
"1309",64.3,201.1,0,2007
"1310",66.3,181.1,0,2007
"1311",66.3,183.1,0,2007
"1312",66.3,185.1,0,2007
"1313",66.3,187.1,0,2007
"1314",66.3,189.1,0,2007
"1315",66.3,191.1,0,2007
"1316",66.3,193.1,0,2007
"1317",66.3,195.1,0,2007
"1318",66.3,197.1,0,2007
"1319",66.3,199.1,0,2007
"1320",66.3,201.1,0,2007
"1321",52.3,181.1,0,2006
"1322",52.3,183.1,0,2006
"1323",52.3,185.1,0,2006
"1324",52.3,187.1,0,2006
"1325",52.3,189.1,5.15,2006
"1326",52.3,191.1,0,2006
"1327",52.3,193.1,34.04,2006
"1328",52.3,195.1,0,2006
"1329",52.3,197.1,0,2006
"1330",52.3,199.1,0,2006
"1331",52.3,201.1,0,2006
"1332",54.3,181.1,0,2006
"1333",54.3,183.1,0,2006
"1334",54.3,185.1,0,2006
"1335",54.3,187.1,0,2006
"1336",54.3,189.1,0,2006
"1337",54.3,191.1,9.47,2006
"1338",54.3,193.1,36278.09,2006
"1339",54.3,195.1,1488988.64,2006
"1340",54.3,197.1,279869.38,2006
"1341",54.3,199.1,0,2006
"1342",54.3,201.1,0,2006
"1343",56.3,181.1,0,2006
"1344",56.3,183.1,0,2006
"1345",56.3,185.1,3183.35,2006
"1346",56.3,187.1,13100776.76,2006
"1347",56.3,189.1,1133870.77,2006
"1348",56.3,191.1,6944253.71,2006
"1349",56.3,193.1,19258498.1,2006
"1350",56.3,195.1,11508357.99,2006
"1351",56.3,197.1,44290.23,2006
"1352",56.3,199.1,0,2006
"1353",56.3,201.1,0,2006
"1354",58.3,181.1,1.93,2006
"1355",58.3,183.1,33.58,2006
"1356",58.3,185.1,32.67,2006
"1357",58.3,187.1,730981.03,2006
"1358",58.3,189.1,2325.79,2006
"1359",58.3,191.1,45626.11,2006
"1360",58.3,193.1,2034076.64,2006
"1361",58.3,195.1,4513767.86,2006
"1362",58.3,197.1,769894.97,2006
"1363",58.3,199.1,0,2006
"1364",58.3,201.1,0,2006
"1365",60.3,181.1,30.2,2006
"1366",60.3,183.1,0,2006
"1367",60.3,185.1,52.36,2006
"1368",60.3,187.1,0,2006
"1369",60.3,189.1,0,2006
"1370",60.3,191.1,0,2006
"1371",60.3,193.1,0,2006
"1372",60.3,195.1,0,2006
"1373",60.3,197.1,0,2006
"1374",60.3,199.1,0,2006
"1375",60.3,201.1,0,2006
"1376",62.3,181.1,0,2006
"1377",62.3,183.1,0,2006
"1378",62.3,185.1,0,2006
"1379",62.3,187.1,0,2006
"1380",62.3,189.1,0,2006
"1381",62.3,191.1,0,2006
"1382",62.3,193.1,0,2006
"1383",62.3,195.1,0,2006
"1384",62.3,197.1,0,2006
"1385",62.3,199.1,0,2006
"1386",62.3,201.1,0,2006
"1387",64.3,181.1,0,2006
"1388",64.3,183.1,0,2006
"1389",64.3,185.1,0,2006
"1390",64.3,187.1,0,2006
"1391",64.3,189.1,0,2006
"1392",64.3,191.1,0,2006
"1393",64.3,193.1,0,2006
"1394",64.3,195.1,0,2006
"1395",64.3,197.1,0,2006
"1396",64.3,199.1,0,2006
"1397",64.3,201.1,0,2006
"1398",66.3,181.1,0,2006
"1399",66.3,183.1,0,2006
"1400",66.3,185.1,0,2006
"1401",66.3,187.1,0,2006
"1402",66.3,189.1,0,2006
"1403",66.3,191.1,0,2006
"1404",66.3,193.1,0,2006
"1405",66.3,195.1,0,2006
"1406",66.3,197.1,0,2006
"1407",66.3,199.1,0,2006
"1408",66.3,201.1,0,2006
"1409",52.3,181.1,0,2005
"1410",52.3,183.1,0,2005
"1411",52.3,185.1,0,2005
"1412",52.3,187.1,0,2005
"1413",52.3,189.1,0,2005
"1414",52.3,191.1,0,2005
"1415",52.3,193.1,8.24,2005
"1416",52.3,195.1,0,2005
"1417",52.3,197.1,0,2005
"1418",52.3,199.1,0,2005
"1419",52.3,201.1,0,2005
"1420",54.3,181.1,0,2005
"1421",54.3,183.1,0,2005
"1422",54.3,185.1,0,2005
"1423",54.3,187.1,0,2005
"1424",54.3,189.1,13.77,2005
"1425",54.3,191.1,801.96,2005
"1426",54.3,193.1,9522.32,2005
"1427",54.3,195.1,759141.34,2005
"1428",54.3,197.1,997607.01,2005
"1429",54.3,199.1,0,2005
"1430",54.3,201.1,0,2005
"1431",56.3,181.1,0,2005
"1432",56.3,183.1,0,2005
"1433",56.3,185.1,21.83,2005
"1434",56.3,187.1,3435727.59,2005
"1435",56.3,189.1,11900921.62,2005
"1436",56.3,191.1,2358004.42,2005
"1437",56.3,193.1,11717135.04,2005
"1438",56.3,195.1,2425100.81,2005
"1439",56.3,197.1,1585384.18,2005
"1440",56.3,199.1,0,2005
"1441",56.3,201.1,0,2005
"1442",58.3,181.1,423.12,2005
"1443",58.3,183.1,5.97,2005
"1444",58.3,185.1,869.47,2005
"1445",58.3,187.1,1154175.99,2005
"1446",58.3,189.1,18417539.55,2005
"1447",58.3,191.1,202475.88,2005
"1448",58.3,193.1,30594.59,2005
"1449",58.3,195.1,6351145.54,2005
"1450",58.3,197.1,1362550.39,2005
"1451",58.3,199.1,0,2005
"1452",58.3,201.1,0,2005
"1453",60.3,181.1,59.04,2005
"1454",60.3,183.1,0,2005
"1455",60.3,185.1,0,2005
"1456",60.3,187.1,0,2005
"1457",60.3,189.1,0,2005
"1458",60.3,191.1,0,2005
"1459",60.3,193.1,0,2005
"1460",60.3,195.1,0,2005
"1461",60.3,197.1,0,2005
"1462",60.3,199.1,0,2005
"1463",60.3,201.1,0,2005
"1464",62.3,181.1,0,2005
"1465",62.3,183.1,0,2005
"1466",62.3,185.1,0,2005
"1467",62.3,187.1,0,2005
"1468",62.3,189.1,0,2005
"1469",62.3,191.1,0,2005
"1470",62.3,193.1,0,2005
"1471",62.3,195.1,0,2005
"1472",62.3,197.1,0,2005
"1473",62.3,199.1,0,2005
"1474",62.3,201.1,0,2005
"1475",64.3,181.1,0,2005
"1476",64.3,183.1,0,2005
"1477",64.3,185.1,0,2005
"1478",64.3,187.1,0,2005
"1479",64.3,189.1,0,2005
"1480",64.3,191.1,0,2005
"1481",64.3,193.1,0,2005
"1482",64.3,195.1,0,2005
"1483",64.3,197.1,0,2005
"1484",64.3,199.1,0,2005
"1485",64.3,201.1,0,2005
"1486",66.3,181.1,0,2005
"1487",66.3,183.1,0,2005
"1488",66.3,185.1,0,2005
"1489",66.3,187.1,0,2005
"1490",66.3,189.1,0,2005
"1491",66.3,191.1,0,2005
"1492",66.3,193.1,0,2005
"1493",66.3,195.1,0,2005
"1494",66.3,197.1,0,2005
"1495",66.3,199.1,0,2005
"1496",66.3,201.1,0,2005
"1497",52.3,181.1,0,2004
"1498",52.3,183.1,0,2004
"1499",52.3,185.1,0,2004
"1500",52.3,187.1,0,2004
"1501",52.3,189.1,0,2004
"1502",52.3,191.1,0,2004
"1503",52.3,193.1,0,2004
"1504",52.3,195.1,0,2004
"1505",52.3,197.1,0,2004
"1506",52.3,199.1,0,2004
"1507",52.3,201.1,0,2004
"1508",54.3,181.1,0,2004
"1509",54.3,183.1,0,2004
"1510",54.3,185.1,0,2004
"1511",54.3,187.1,0,2004
"1512",54.3,189.1,12.36,2004
"1513",54.3,191.1,97.64,2004
"1514",54.3,193.1,89903.31,2004
"1515",54.3,195.1,969754.74,2004
"1516",54.3,197.1,478153.43,2004
"1517",54.3,199.1,0,2004
"1518",54.3,201.1,0,2004
"1519",56.3,181.1,0,2004
"1520",56.3,183.1,0,2004
"1521",56.3,185.1,0,2004
"1522",56.3,187.1,9138455.53,2004
"1523",56.3,189.1,1385513.39,2004
"1524",56.3,191.1,1976549.84,2004
"1525",56.3,193.1,13307462.02,2004
"1526",56.3,195.1,5407983.25,2004
"1527",56.3,197.1,0,2004
"1528",56.3,199.1,0,2004
"1529",56.3,201.1,0,2004
"1530",58.3,181.1,33.97,2004
"1531",58.3,183.1,844.59,2004
"1532",58.3,185.1,1130.58,2004
"1533",58.3,187.1,1128928.63,2004
"1534",58.3,189.1,4116090.75,2004
"1535",58.3,191.1,95900.95,2004
"1536",58.3,193.1,101606.24,2004
"1537",58.3,195.1,10892378.91,2004
"1538",58.3,197.1,0,2004
"1539",58.3,199.1,0,2004
"1540",58.3,201.1,0,2004
"1541",60.3,181.1,0,2004
"1542",60.3,183.1,0,2004
"1543",60.3,185.1,0,2004
"1544",60.3,187.1,408.91,2004
"1545",60.3,189.1,0,2004
"1546",60.3,191.1,0,2004
"1547",60.3,193.1,0,2004
"1548",60.3,195.1,0,2004
"1549",60.3,197.1,0,2004
"1550",60.3,199.1,0,2004
"1551",60.3,201.1,0,2004
"1552",62.3,181.1,0,2004
"1553",62.3,183.1,0,2004
"1554",62.3,185.1,0,2004
"1555",62.3,187.1,0,2004
"1556",62.3,189.1,0,2004
"1557",62.3,191.1,0,2004
"1558",62.3,193.1,0,2004
"1559",62.3,195.1,0,2004
"1560",62.3,197.1,0,2004
"1561",62.3,199.1,0,2004
"1562",62.3,201.1,0,2004
"1563",64.3,181.1,0,2004
"1564",64.3,183.1,0,2004
"1565",64.3,185.1,0,2004
"1566",64.3,187.1,0,2004
"1567",64.3,189.1,0,2004
"1568",64.3,191.1,0,2004
"1569",64.3,193.1,0,2004
"1570",64.3,195.1,0,2004
"1571",64.3,197.1,0,2004
"1572",64.3,199.1,0,2004
"1573",64.3,201.1,0,2004
"1574",66.3,181.1,0,2004
"1575",66.3,183.1,0,2004
"1576",66.3,185.1,0,2004
"1577",66.3,187.1,0,2004
"1578",66.3,189.1,0,2004
"1579",66.3,191.1,0,2004
"1580",66.3,193.1,0,2004
"1581",66.3,195.1,0,2004
"1582",66.3,197.1,0,2004
"1583",66.3,199.1,0,2004
"1584",66.3,201.1,0,2004
"1585",52.3,181.1,0,2003
"1586",52.3,183.1,0,2003
"1587",52.3,185.1,151.87,2003
"1588",52.3,187.1,0,2003
"1589",52.3,189.1,0,2003
"1590",52.3,191.1,0,2003
"1591",52.3,193.1,13.8,2003
"1592",52.3,195.1,0,2003
"1593",52.3,197.1,0,2003
"1594",52.3,199.1,0,2003
"1595",52.3,201.1,0,2003
"1596",54.3,181.1,0,2003
"1597",54.3,183.1,0,2003
"1598",54.3,185.1,0,2003
"1599",54.3,187.1,0,2003
"1600",54.3,189.1,32.43,2003
"1601",54.3,191.1,177.27,2003
"1602",54.3,193.1,21952.74,2003
"1603",54.3,195.1,653375.94,2003
"1604",54.3,197.1,381316.42,2003
"1605",54.3,199.1,0,2003
"1606",54.3,201.1,0,2003
"1607",56.3,181.1,0,2003
"1608",56.3,183.1,0,2003
"1609",56.3,185.1,396.12,2003
"1610",56.3,187.1,5788916.56,2003
"1611",56.3,189.1,462898.92,2003
"1612",56.3,191.1,9304501.84,2003
"1613",56.3,193.1,13479580.51,2003
"1614",56.3,195.1,11569300.6,2003
"1615",56.3,197.1,19147.15,2003
"1616",56.3,199.1,0,2003
"1617",56.3,201.1,0,2003
"1618",58.3,181.1,0,2003
"1619",58.3,183.1,1020.42,2003
"1620",58.3,185.1,163.03,2003
"1621",58.3,187.1,214975.56,2003
"1622",58.3,189.1,1202485.07,2003
"1623",58.3,191.1,533175.69,2003
"1624",58.3,193.1,170080.66,2003
"1625",58.3,195.1,7062631.6,2003
"1626",58.3,197.1,0,2003
"1627",58.3,199.1,0,2003
"1628",58.3,201.1,0,2003
"1629",60.3,181.1,0,2003
"1630",60.3,183.1,0,2003
"1631",60.3,185.1,0,2003
"1632",60.3,187.1,2315.34,2003
"1633",60.3,189.1,0,2003
"1634",60.3,191.1,0,2003
"1635",60.3,193.1,0,2003
"1636",60.3,195.1,0,2003
"1637",60.3,197.1,0,2003
"1638",60.3,199.1,0,2003
"1639",60.3,201.1,0,2003
"1640",62.3,181.1,0,2003
"1641",62.3,183.1,0,2003
"1642",62.3,185.1,0,2003
"1643",62.3,187.1,0,2003
"1644",62.3,189.1,0,2003
"1645",62.3,191.1,0,2003
"1646",62.3,193.1,0,2003
"1647",62.3,195.1,0,2003
"1648",62.3,197.1,0,2003
"1649",62.3,199.1,0,2003
"1650",62.3,201.1,0,2003
"1651",64.3,181.1,0,2003
"1652",64.3,183.1,0,2003
"1653",64.3,185.1,0,2003
"1654",64.3,187.1,0,2003
"1655",64.3,189.1,0,2003
"1656",64.3,191.1,0,2003
"1657",64.3,193.1,0,2003
"1658",64.3,195.1,0,2003
"1659",64.3,197.1,0,2003
"1660",64.3,199.1,0,2003
"1661",64.3,201.1,0,2003
"1662",66.3,181.1,0,2003
"1663",66.3,183.1,0,2003
"1664",66.3,185.1,0,2003
"1665",66.3,187.1,0,2003
"1666",66.3,189.1,0,2003
"1667",66.3,191.1,0,2003
"1668",66.3,193.1,0,2003
"1669",66.3,195.1,0,2003
"1670",66.3,197.1,0,2003
"1671",66.3,199.1,0,2003
"1672",66.3,201.1,0,2003
"1673",52.3,181.1,0,2002
"1674",52.3,183.1,0,2002
"1675",52.3,185.1,0,2002
"1676",52.3,187.1,0,2002
"1677",52.3,189.1,0,2002
"1678",52.3,191.1,0,2002
"1679",52.3,193.1,0,2002
"1680",52.3,195.1,0,2002
"1681",52.3,197.1,0,2002
"1682",52.3,199.1,0,2002
"1683",52.3,201.1,0,2002
"1684",54.3,181.1,0,2002
"1685",54.3,183.1,0,2002
"1686",54.3,185.1,0,2002
"1687",54.3,187.1,0,2002
"1688",54.3,189.1,56.72,2002
"1689",54.3,191.1,2417.98,2002
"1690",54.3,193.1,19460.27,2002
"1691",54.3,195.1,509337.47,2002
"1692",54.3,197.1,254540.52,2002
"1693",54.3,199.1,0,2002
"1694",54.3,201.1,0,2002
"1695",56.3,181.1,0,2002
"1696",56.3,183.1,0,2002
"1697",56.3,185.1,0,2002
"1698",56.3,187.1,1375692.01,2002
"1699",56.3,189.1,635744.54,2002
"1700",56.3,191.1,3940334.29,2002
"1701",56.3,193.1,23453184.47,2002
"1702",56.3,195.1,6154886.23,2002
"1703",56.3,197.1,7902.44,2002
"1704",56.3,199.1,0,2002
"1705",56.3,201.1,0,2002
"1706",58.3,181.1,0,2002
"1707",58.3,183.1,244.42,2002
"1708",58.3,185.1,281.04,2002
"1709",58.3,187.1,88969.97,2002
"1710",58.3,189.1,14349.55,2002
"1711",58.3,191.1,23486.2,2002
"1712",58.3,193.1,133289.05,2002
"1713",58.3,195.1,4698023.15,2002
"1714",58.3,197.1,11833.45,2002
"1715",58.3,199.1,0,2002
"1716",58.3,201.1,0,2002
"1717",60.3,181.1,0,2002
"1718",60.3,183.1,0,2002
"1719",60.3,185.1,0,2002
"1720",60.3,187.1,0,2002
"1721",60.3,189.1,0,2002
"1722",60.3,191.1,0,2002
"1723",60.3,193.1,0,2002
"1724",60.3,195.1,0,2002
"1725",60.3,197.1,0,2002
"1726",60.3,199.1,0,2002
"1727",60.3,201.1,0,2002
"1728",62.3,181.1,0,2002
"1729",62.3,183.1,0,2002
"1730",62.3,185.1,0,2002
"1731",62.3,187.1,0,2002
"1732",62.3,189.1,0,2002
"1733",62.3,191.1,0,2002
"1734",62.3,193.1,0,2002
"1735",62.3,195.1,0,2002
"1736",62.3,197.1,0,2002
"1737",62.3,199.1,0,2002
"1738",62.3,201.1,0,2002
"1739",64.3,181.1,0,2002
"1740",64.3,183.1,0,2002
"1741",64.3,185.1,0,2002
"1742",64.3,187.1,0,2002
"1743",64.3,189.1,0,2002
"1744",64.3,191.1,0,2002
"1745",64.3,193.1,0,2002
"1746",64.3,195.1,0,2002
"1747",64.3,197.1,0,2002
"1748",64.3,199.1,0,2002
"1749",64.3,201.1,0,2002
"1750",66.3,181.1,0,2002
"1751",66.3,183.1,0,2002
"1752",66.3,185.1,0,2002
"1753",66.3,187.1,0,2002
"1754",66.3,189.1,0,2002
"1755",66.3,191.1,0,2002
"1756",66.3,193.1,0,2002
"1757",66.3,195.1,0,2002
"1758",66.3,197.1,0,2002
"1759",66.3,199.1,0,2002
"1760",66.3,201.1,0,2002
"1761",52.3,181.1,0,2001
"1762",52.3,183.1,0,2001
"1763",52.3,185.1,0,2001
"1764",52.3,187.1,0,2001
"1765",52.3,189.1,0,2001
"1766",52.3,191.1,0,2001
"1767",52.3,193.1,0,2001
"1768",52.3,195.1,0,2001
"1769",52.3,197.1,0,2001
"1770",52.3,199.1,0,2001
"1771",52.3,201.1,0,2001
"1772",54.3,181.1,0,2001
"1773",54.3,183.1,0,2001
"1774",54.3,185.1,0,2001
"1775",54.3,187.1,0,2001
"1776",54.3,189.1,0,2001
"1777",54.3,191.1,323.27,2001
"1778",54.3,193.1,22926.39,2001
"1779",54.3,195.1,320619.18,2001
"1780",54.3,197.1,206353.82,2001
"1781",54.3,199.1,0,2001
"1782",54.3,201.1,0,2001
"1783",56.3,181.1,0,2001
"1784",56.3,183.1,0,2001
"1785",56.3,185.1,25.17,2001
"1786",56.3,187.1,34354.93,2001
"1787",56.3,189.1,788.58,2001
"1788",56.3,191.1,3607127.22,2001
"1789",56.3,193.1,20145587.98,2001
"1790",56.3,195.1,11180811.59,2001
"1791",56.3,197.1,0,2001
"1792",56.3,199.1,0,2001
"1793",56.3,201.1,0,2001
"1794",58.3,181.1,28.64,2001
"1795",58.3,183.1,0,2001
"1796",58.3,185.1,0,2001
"1797",58.3,187.1,6949.58,2001
"1798",58.3,189.1,8613.91,2001
"1799",58.3,191.1,51950.71,2001
"1800",58.3,193.1,56094.25,2001
"1801",58.3,195.1,152205.84,2001
"1802",58.3,197.1,0,2001
"1803",58.3,199.1,0,2001
"1804",58.3,201.1,0,2001
"1805",60.3,181.1,0,2001
"1806",60.3,183.1,0,2001
"1807",60.3,185.1,0,2001
"1808",60.3,187.1,0,2001
"1809",60.3,189.1,0,2001
"1810",60.3,191.1,0,2001
"1811",60.3,193.1,0,2001
"1812",60.3,195.1,0,2001
"1813",60.3,197.1,0,2001
"1814",60.3,199.1,0,2001
"1815",60.3,201.1,0,2001
"1816",62.3,181.1,0,2001
"1817",62.3,183.1,0,2001
"1818",62.3,185.1,0,2001
"1819",62.3,187.1,0,2001
"1820",62.3,189.1,0,2001
"1821",62.3,191.1,0,2001
"1822",62.3,193.1,0,2001
"1823",62.3,195.1,0,2001
"1824",62.3,197.1,0,2001
"1825",62.3,199.1,0,2001
"1826",62.3,201.1,0,2001
"1827",64.3,181.1,0,2001
"1828",64.3,183.1,0,2001
"1829",64.3,185.1,0,2001
"1830",64.3,187.1,0,2001
"1831",64.3,189.1,0,2001
"1832",64.3,191.1,0,2001
"1833",64.3,193.1,0,2001
"1834",64.3,195.1,0,2001
"1835",64.3,197.1,0,2001
"1836",64.3,199.1,0,2001
"1837",64.3,201.1,0,2001
"1838",66.3,181.1,0,2001
"1839",66.3,183.1,0,2001
"1840",66.3,185.1,0,2001
"1841",66.3,187.1,0,2001
"1842",66.3,189.1,0,2001
"1843",66.3,191.1,0,2001
"1844",66.3,193.1,0,2001
"1845",66.3,195.1,0,2001
"1846",66.3,197.1,0,2001
"1847",66.3,199.1,0,2001
"1848",66.3,201.1,0,2001
"1849",52.3,181.1,0,2000
"1850",52.3,183.1,0,2000
"1851",52.3,185.1,0,2000
"1852",52.3,187.1,0,2000
"1853",52.3,189.1,0,2000
"1854",52.3,191.1,0,2000
"1855",52.3,193.1,19.5,2000
"1856",52.3,195.1,0,2000
"1857",52.3,197.1,0,2000
"1858",52.3,199.1,0,2000
"1859",52.3,201.1,0,2000
"1860",54.3,181.1,0,2000
"1861",54.3,183.1,0,2000
"1862",54.3,185.1,0,2000
"1863",54.3,187.1,0,2000
"1864",54.3,189.1,138.37,2000
"1865",54.3,191.1,766.04,2000
"1866",54.3,193.1,29760.64,2000
"1867",54.3,195.1,208514.97,2000
"1868",54.3,197.1,7597.41,2000
"1869",54.3,199.1,0,2000
"1870",54.3,201.1,0,2000
"1871",56.3,181.1,0,2000
"1872",56.3,183.1,0,2000
"1873",56.3,185.1,0,2000
"1874",56.3,187.1,14827.72,2000
"1875",56.3,189.1,7521.3,2000
"1876",56.3,191.1,3173581.62,2000
"1877",56.3,193.1,20949408.65,2000
"1878",56.3,195.1,22212683.85,2000
"1879",56.3,197.1,18720.49,2000
"1880",56.3,199.1,0,2000
"1881",56.3,201.1,0,2000
"1882",58.3,181.1,3.12,2000
"1883",58.3,183.1,0,2000
"1884",58.3,185.1,11.48,2000
"1885",58.3,187.1,3643.59,2000
"1886",58.3,189.1,2481045.38,2000
"1887",58.3,191.1,137690.44,2000
"1888",58.3,193.1,1676.76,2000
"1889",58.3,195.1,1956482.6,2000
"1890",58.3,197.1,0,2000
"1891",58.3,199.1,0,2000
"1892",58.3,201.1,0,2000
"1893",60.3,181.1,0,2000
"1894",60.3,183.1,0,2000
"1895",60.3,185.1,0,2000
"1896",60.3,187.1,0,2000
"1897",60.3,189.1,0,2000
"1898",60.3,191.1,0,2000
"1899",60.3,193.1,0,2000
"1900",60.3,195.1,0,2000
"1901",60.3,197.1,0,2000
"1902",60.3,199.1,0,2000
"1903",60.3,201.1,0,2000
"1904",62.3,181.1,0,2000
"1905",62.3,183.1,0,2000
"1906",62.3,185.1,0,2000
"1907",62.3,187.1,0,2000
"1908",62.3,189.1,0,2000
"1909",62.3,191.1,0,2000
"1910",62.3,193.1,0,2000
"1911",62.3,195.1,0,2000
"1912",62.3,197.1,0,2000
"1913",62.3,199.1,0,2000
"1914",62.3,201.1,0,2000
"1915",64.3,181.1,0,2000
"1916",64.3,183.1,0,2000
"1917",64.3,185.1,0,2000
"1918",64.3,187.1,0,2000
"1919",64.3,189.1,0,2000
"1920",64.3,191.1,0,2000
"1921",64.3,193.1,0,2000
"1922",64.3,195.1,0,2000
"1923",64.3,197.1,0,2000
"1924",64.3,199.1,0,2000
"1925",64.3,201.1,0,2000
"1926",66.3,181.1,0,2000
"1927",66.3,183.1,0,2000
"1928",66.3,185.1,0,2000
"1929",66.3,187.1,0,2000
"1930",66.3,189.1,0,2000
"1931",66.3,191.1,0,2000
"1932",66.3,193.1,0,2000
"1933",66.3,195.1,0,2000
"1934",66.3,197.1,0,2000
"1935",66.3,199.1,0,2000
"1936",66.3,201.1,0,2000
"1937",52.3,181.1,0,1999
"1938",52.3,183.1,0,1999
"1939",52.3,185.1,62.05,1999
"1940",52.3,187.1,0,1999
"1941",52.3,189.1,0,1999
"1942",52.3,191.1,4222.76,1999
"1943",52.3,193.1,87.16,1999
"1944",52.3,195.1,0,1999
"1945",52.3,197.1,0,1999
"1946",52.3,199.1,0,1999
"1947",52.3,201.1,0,1999
"1948",54.3,181.1,0,1999
"1949",54.3,183.1,0,1999
"1950",54.3,185.1,0,1999
"1951",54.3,187.1,0,1999
"1952",54.3,189.1,0,1999
"1953",54.3,191.1,830.81,1999
"1954",54.3,193.1,397222.88,1999
"1955",54.3,195.1,492869.22,1999
"1956",54.3,197.1,245701.56,1999
"1957",54.3,199.1,0,1999
"1958",54.3,201.1,0,1999
"1959",56.3,181.1,0,1999
"1960",56.3,183.1,0,1999
"1961",56.3,185.1,0,1999
"1962",56.3,187.1,0,1999
"1963",56.3,189.1,415478.3,1999
"1964",56.3,191.1,7412365,1999
"1965",56.3,193.1,25172803.6,1999
"1966",56.3,195.1,10729624.21,1999
"1967",56.3,197.1,17791.2,1999
"1968",56.3,199.1,0,1999
"1969",56.3,201.1,0,1999
"1970",58.3,181.1,20.69,1999
"1971",58.3,183.1,25.51,1999
"1972",58.3,185.1,102.42,1999
"1973",58.3,187.1,0,1999
"1974",58.3,189.1,68903.66,1999
"1975",58.3,191.1,1002975.44,1999
"1976",58.3,193.1,21136.38,1999
"1977",58.3,195.1,1222101.38,1999
"1978",58.3,197.1,6510.46,1999
"1979",58.3,199.1,0,1999
"1980",58.3,201.1,0,1999
"1981",60.3,181.1,0,1999
"1982",60.3,183.1,0,1999
"1983",60.3,185.1,0,1999
"1984",60.3,187.1,0,1999
"1985",60.3,189.1,0,1999
"1986",60.3,191.1,0,1999
"1987",60.3,193.1,0,1999
"1988",60.3,195.1,0,1999
"1989",60.3,197.1,0,1999
"1990",60.3,199.1,0,1999
"1991",60.3,201.1,0,1999
"1992",62.3,181.1,0,1999
"1993",62.3,183.1,0,1999
"1994",62.3,185.1,0,1999
"1995",62.3,187.1,0,1999
"1996",62.3,189.1,0,1999
"1997",62.3,191.1,0,1999
"1998",62.3,193.1,0,1999
"1999",62.3,195.1,0,1999
"2000",62.3,197.1,0,1999
"2001",62.3,199.1,0,1999
"2002",62.3,201.1,0,1999
"2003",64.3,181.1,0,1999
"2004",64.3,183.1,0,1999
"2005",64.3,185.1,0,1999
"2006",64.3,187.1,0,1999
"2007",64.3,189.1,0,1999
"2008",64.3,191.1,0,1999
"2009",64.3,193.1,0,1999
"2010",64.3,195.1,0,1999
"2011",64.3,197.1,0,1999
"2012",64.3,199.1,0,1999
"2013",64.3,201.1,0,1999
"2014",66.3,181.1,0,1999
"2015",66.3,183.1,0,1999
"2016",66.3,185.1,0,1999
"2017",66.3,187.1,0,1999
"2018",66.3,189.1,0,1999
"2019",66.3,191.1,0,1999
"2020",66.3,193.1,0,1999
"2021",66.3,195.1,0,1999
"2022",66.3,197.1,0,1999
"2023",66.3,199.1,0,1999
"2024",66.3,201.1,0,1999
"2025",52.3,181.1,0,1998
"2026",52.3,183.1,0,1998
"2027",52.3,185.1,0.5,1998
"2028",52.3,187.1,0,1998
"2029",52.3,189.1,0,1998
"2030",52.3,191.1,0,1998
"2031",52.3,193.1,68.6,1998
"2032",52.3,195.1,0,1998
"2033",52.3,197.1,0,1998
"2034",52.3,199.1,0,1998
"2035",52.3,201.1,0,1998
"2036",54.3,181.1,0,1998
"2037",54.3,183.1,0,1998
"2038",54.3,185.1,0,1998
"2039",54.3,187.1,0,1998
"2040",54.3,189.1,0,1998
"2041",54.3,191.1,351.13,1998
"2042",54.3,193.1,1671321.75,1998
"2043",54.3,195.1,4051197.94,1998
"2044",54.3,197.1,105750.63,1998
"2045",54.3,199.1,0,1998
"2046",54.3,201.1,0,1998
"2047",56.3,181.1,0,1998
"2048",56.3,183.1,0,1998
"2049",56.3,185.1,746.24,1998
"2050",56.3,187.1,2696.66,1998
"2051",56.3,189.1,12545.77,1998
"2052",56.3,191.1,568241.77,1998
"2053",56.3,193.1,38844539.23,1998
"2054",56.3,195.1,12374700.42,1998
"2055",56.3,197.1,0,1998
"2056",56.3,199.1,0,1998
"2057",56.3,201.1,0,1998
"2058",58.3,181.1,0,1998
"2059",58.3,183.1,602.57,1998
"2060",58.3,185.1,23519.47,1998
"2061",58.3,187.1,149.5,1998
"2062",58.3,189.1,1177.82,1998
"2063",58.3,191.1,29801.76,1998
"2064",58.3,193.1,131512.45,1998
"2065",58.3,195.1,705747.16,1998
"2066",58.3,197.1,0,1998
"2067",58.3,199.1,0,1998
"2068",58.3,201.1,0,1998
"2069",60.3,181.1,0,1998
"2070",60.3,183.1,0,1998
"2071",60.3,185.1,0,1998
"2072",60.3,187.1,0,1998
"2073",60.3,189.1,0,1998
"2074",60.3,191.1,0,1998
"2075",60.3,193.1,0,1998
"2076",60.3,195.1,0,1998
"2077",60.3,197.1,0,1998
"2078",60.3,199.1,0,1998
"2079",60.3,201.1,0,1998
"2080",62.3,181.1,0,1998
"2081",62.3,183.1,0,1998
"2082",62.3,185.1,0,1998
"2083",62.3,187.1,0,1998
"2084",62.3,189.1,0,1998
"2085",62.3,191.1,0,1998
"2086",62.3,193.1,0,1998
"2087",62.3,195.1,0,1998
"2088",62.3,197.1,0,1998
"2089",62.3,199.1,0,1998
"2090",62.3,201.1,0,1998
"2091",64.3,181.1,0,1998
"2092",64.3,183.1,0,1998
"2093",64.3,185.1,0,1998
"2094",64.3,187.1,0,1998
"2095",64.3,189.1,0,1998
"2096",64.3,191.1,0,1998
"2097",64.3,193.1,0,1998
"2098",64.3,195.1,0,1998
"2099",64.3,197.1,0,1998
"2100",64.3,199.1,0,1998
"2101",64.3,201.1,0,1998
"2102",66.3,181.1,0,1998
"2103",66.3,183.1,0,1998
"2104",66.3,185.1,0,1998
"2105",66.3,187.1,0,1998
"2106",66.3,189.1,0,1998
"2107",66.3,191.1,0,1998
"2108",66.3,193.1,0,1998
"2109",66.3,195.1,0,1998
"2110",66.3,197.1,0,1998
"2111",66.3,199.1,0,1998
"2112",66.3,201.1,0,1998
"2113",52.3,181.1,0,1997
"2114",52.3,183.1,0,1997
"2115",52.3,185.1,0,1997
"2116",52.3,187.1,0,1997
"2117",52.3,189.1,0,1997
"2118",52.3,191.1,0,1997
"2119",52.3,193.1,31.23,1997
"2120",52.3,195.1,0,1997
"2121",52.3,197.1,0,1997
"2122",52.3,199.1,0,1997
"2123",52.3,201.1,0,1997
"2124",54.3,181.1,0,1997
"2125",54.3,183.1,0,1997
"2126",54.3,185.1,0,1997
"2127",54.3,187.1,0,1997
"2128",54.3,189.1,539.05,1997
"2129",54.3,191.1,106.62,1997
"2130",54.3,193.1,135250.79,1997
"2131",54.3,195.1,1267082.45,1997
"2132",54.3,197.1,41986.89,1997
"2133",54.3,199.1,0,1997
"2134",54.3,201.1,0,1997
"2135",56.3,181.1,0,1997
"2136",56.3,183.1,0,1997
"2137",56.3,185.1,576.57,1997
"2138",56.3,187.1,0,1997
"2139",56.3,189.1,37644.77,1997
"2140",56.3,191.1,328866.67,1997
"2141",56.3,193.1,63579965.47,1997
"2142",56.3,195.1,17229421.81,1997
"2143",56.3,197.1,37442.39,1997
"2144",56.3,199.1,0,1997
"2145",56.3,201.1,0,1997
"2146",58.3,181.1,59.38,1997
"2147",58.3,183.1,111.12,1997
"2148",58.3,185.1,105.02,1997
"2149",58.3,187.1,2380.54,1997
"2150",58.3,189.1,91026.09,1997
"2151",58.3,191.1,42971.03,1997
"2152",58.3,193.1,498877.57,1997
"2153",58.3,195.1,14513557.43,1997
"2154",58.3,197.1,3494.43,1997
"2155",58.3,199.1,0,1997
"2156",58.3,201.1,0,1997
"2157",60.3,181.1,0,1997
"2158",60.3,183.1,0,1997
"2159",60.3,185.1,0,1997
"2160",60.3,187.1,0,1997
"2161",60.3,189.1,0,1997
"2162",60.3,191.1,0,1997
"2163",60.3,193.1,0,1997
"2164",60.3,195.1,0,1997
"2165",60.3,197.1,0,1997
"2166",60.3,199.1,0,1997
"2167",60.3,201.1,0,1997
"2168",62.3,181.1,0,1997
"2169",62.3,183.1,0,1997
"2170",62.3,185.1,0,1997
"2171",62.3,187.1,0,1997
"2172",62.3,189.1,0,1997
"2173",62.3,191.1,0,1997
"2174",62.3,193.1,0,1997
"2175",62.3,195.1,0,1997
"2176",62.3,197.1,0,1997
"2177",62.3,199.1,0,1997
"2178",62.3,201.1,0,1997
"2179",64.3,181.1,0,1997
"2180",64.3,183.1,0,1997
"2181",64.3,185.1,0,1997
"2182",64.3,187.1,0,1997
"2183",64.3,189.1,0,1997
"2184",64.3,191.1,0,1997
"2185",64.3,193.1,0,1997
"2186",64.3,195.1,0,1997
"2187",64.3,197.1,0,1997
"2188",64.3,199.1,0,1997
"2189",64.3,201.1,0,1997
"2190",66.3,181.1,0,1997
"2191",66.3,183.1,0,1997
"2192",66.3,185.1,0,1997
"2193",66.3,187.1,0,1997
"2194",66.3,189.1,0,1997
"2195",66.3,191.1,0,1997
"2196",66.3,193.1,0,1997
"2197",66.3,195.1,0,1997
"2198",66.3,197.1,0,1997
"2199",66.3,199.1,0,1997
"2200",66.3,201.1,0,1997
"2201",52.3,181.1,0,1996
"2202",52.3,183.1,0,1996
"2203",52.3,185.1,0,1996
"2204",52.3,187.1,0,1996
"2205",52.3,189.1,0,1996
"2206",52.3,191.1,0,1996
"2207",52.3,193.1,14.67,1996
"2208",52.3,195.1,0,1996
"2209",52.3,197.1,0,1996
"2210",52.3,199.1,0,1996
"2211",52.3,201.1,0,1996
"2212",54.3,181.1,0,1996
"2213",54.3,183.1,0,1996
"2214",54.3,185.1,0,1996
"2215",54.3,187.1,0,1996
"2216",54.3,189.1,0,1996
"2217",54.3,191.1,10.55,1996
"2218",54.3,193.1,294122.38,1996
"2219",54.3,195.1,487620.81,1996
"2220",54.3,197.1,138712.98,1996
"2221",54.3,199.1,0,1996
"2222",54.3,201.1,0,1996
"2223",56.3,181.1,0,1996
"2224",56.3,183.1,0,1996
"2225",56.3,185.1,11.04,1996
"2226",56.3,187.1,3431.65,1996
"2227",56.3,189.1,138310.44,1996
"2228",56.3,191.1,264334.92,1996
"2229",56.3,193.1,35486759.68,1996
"2230",56.3,195.1,18955803.04,1996
"2231",56.3,197.1,0,1996
"2232",56.3,199.1,0,1996
"2233",56.3,201.1,0,1996
"2234",58.3,181.1,0,1996
"2235",58.3,183.1,0,1996
"2236",58.3,185.1,175.35,1996
"2237",58.3,187.1,0,1996
"2238",58.3,189.1,3726709.83,1996
"2239",58.3,191.1,1742927.03,1996
"2240",58.3,193.1,147804.79,1996
"2241",58.3,195.1,12279217.2,1996
"2242",58.3,197.1,0,1996
"2243",58.3,199.1,0,1996
"2244",58.3,201.1,0,1996
"2245",60.3,181.1,0,1996
"2246",60.3,183.1,0,1996
"2247",60.3,185.1,0,1996
"2248",60.3,187.1,0,1996
"2249",60.3,189.1,0,1996
"2250",60.3,191.1,0,1996
"2251",60.3,193.1,0,1996
"2252",60.3,195.1,0,1996
"2253",60.3,197.1,0,1996
"2254",60.3,199.1,0,1996
"2255",60.3,201.1,0,1996
"2256",62.3,181.1,0,1996
"2257",62.3,183.1,0,1996
"2258",62.3,185.1,0,1996
"2259",62.3,187.1,0,1996
"2260",62.3,189.1,0,1996
"2261",62.3,191.1,0,1996
"2262",62.3,193.1,0,1996
"2263",62.3,195.1,0,1996
"2264",62.3,197.1,0,1996
"2265",62.3,199.1,0,1996
"2266",62.3,201.1,0,1996
"2267",64.3,181.1,0,1996
"2268",64.3,183.1,0,1996
"2269",64.3,185.1,0,1996
"2270",64.3,187.1,0,1996
"2271",64.3,189.1,0,1996
"2272",64.3,191.1,0,1996
"2273",64.3,193.1,0,1996
"2274",64.3,195.1,0,1996
"2275",64.3,197.1,0,1996
"2276",64.3,199.1,0,1996
"2277",64.3,201.1,0,1996
"2278",66.3,181.1,0,1996
"2279",66.3,183.1,0,1996
"2280",66.3,185.1,0,1996
"2281",66.3,187.1,0,1996
"2282",66.3,189.1,0,1996
"2283",66.3,191.1,0,1996
"2284",66.3,193.1,0,1996
"2285",66.3,195.1,0,1996
"2286",66.3,197.1,0,1996
"2287",66.3,199.1,0,1996
"2288",66.3,201.1,0,1996
"2289",52.3,181.1,0,1995
"2290",52.3,183.1,0,1995
"2291",52.3,185.1,0,1995
"2292",52.3,187.1,0,1995
"2293",52.3,189.1,0,1995
"2294",52.3,191.1,0,1995
"2295",52.3,193.1,20.18,1995
"2296",52.3,195.1,0,1995
"2297",52.3,197.1,0,1995
"2298",52.3,199.1,0,1995
"2299",52.3,201.1,0,1995
"2300",54.3,181.1,0,1995
"2301",54.3,183.1,0,1995
"2302",54.3,185.1,0,1995
"2303",54.3,187.1,0,1995
"2304",54.3,189.1,0,1995
"2305",54.3,191.1,1480.29,1995
"2306",54.3,193.1,7091069.43,1995
"2307",54.3,195.1,1598080.09,1995
"2308",54.3,197.1,170354.65,1995
"2309",54.3,199.1,0,1995
"2310",54.3,201.1,0,1995
"2311",56.3,181.1,0,1995
"2312",56.3,183.1,0,1995
"2313",56.3,185.1,1894.99,1995
"2314",56.3,187.1,3188.82,1995
"2315",56.3,189.1,378173.34,1995
"2316",56.3,191.1,999446.96,1995
"2317",56.3,193.1,45654360.72,1995
"2318",56.3,195.1,11687833.41,1995
"2319",56.3,197.1,463.04,1995
"2320",56.3,199.1,0,1995
"2321",56.3,201.1,0,1995
"2322",58.3,181.1,0.8,1995
"2323",58.3,183.1,0,1995
"2324",58.3,185.1,0,1995
"2325",58.3,187.1,2930.84,1995
"2326",58.3,189.1,1393570.79,1995
"2327",58.3,191.1,4254951.25,1995
"2328",58.3,193.1,60794.07,1995
"2329",58.3,195.1,277245.31,1995
"2330",58.3,197.1,11.22,1995
"2331",58.3,199.1,0,1995
"2332",58.3,201.1,0,1995
"2333",60.3,181.1,0,1995
"2334",60.3,183.1,0,1995
"2335",60.3,185.1,0,1995
"2336",60.3,187.1,9297.92,1995
"2337",60.3,189.1,2523.28,1995
"2338",60.3,191.1,0,1995
"2339",60.3,193.1,0,1995
"2340",60.3,195.1,0,1995
"2341",60.3,197.1,0,1995
"2342",60.3,199.1,0,1995
"2343",60.3,201.1,0,1995
"2344",62.3,181.1,0,1995
"2345",62.3,183.1,0,1995
"2346",62.3,185.1,0,1995
"2347",62.3,187.1,0,1995
"2348",62.3,189.1,0,1995
"2349",62.3,191.1,0,1995
"2350",62.3,193.1,0,1995
"2351",62.3,195.1,0,1995
"2352",62.3,197.1,0,1995
"2353",62.3,199.1,0,1995
"2354",62.3,201.1,0,1995
"2355",64.3,181.1,0,1995
"2356",64.3,183.1,0,1995
"2357",64.3,185.1,0,1995
"2358",64.3,187.1,0,1995
"2359",64.3,189.1,0,1995
"2360",64.3,191.1,0,1995
"2361",64.3,193.1,0,1995
"2362",64.3,195.1,0,1995
"2363",64.3,197.1,0,1995
"2364",64.3,199.1,0,1995
"2365",64.3,201.1,0,1995
"2366",66.3,181.1,0,1995
"2367",66.3,183.1,0,1995
"2368",66.3,185.1,0,1995
"2369",66.3,187.1,0,1995
"2370",66.3,189.1,0,1995
"2371",66.3,191.1,0,1995
"2372",66.3,193.1,0,1995
"2373",66.3,195.1,0,1995
"2374",66.3,197.1,0,1995
"2375",66.3,199.1,0,1995
"2376",66.3,201.1,0,1995
"2377",52.3,181.1,0,1994
"2378",52.3,183.1,0,1994
"2379",52.3,185.1,0,1994
"2380",52.3,187.1,0,1994
"2381",52.3,189.1,0,1994
"2382",52.3,191.1,0,1994
"2383",52.3,193.1,0,1994
"2384",52.3,195.1,0,1994
"2385",52.3,197.1,0,1994
"2386",52.3,199.1,0,1994
"2387",52.3,201.1,0,1994
"2388",54.3,181.1,0,1994
"2389",54.3,183.1,0,1994
"2390",54.3,185.1,0,1994
"2391",54.3,187.1,0,1994
"2392",54.3,189.1,0,1994
"2393",54.3,191.1,104.59,1994
"2394",54.3,193.1,40197.39,1994
"2395",54.3,195.1,498416.55,1994
"2396",54.3,197.1,486051.31,1994
"2397",54.3,199.1,0,1994
"2398",54.3,201.1,0,1994
"2399",56.3,181.1,0,1994
"2400",56.3,183.1,0,1994
"2401",56.3,185.1,62.3,1994
"2402",56.3,187.1,2724.32,1994
"2403",56.3,189.1,2199535.98,1994
"2404",56.3,191.1,1529555.98,1994
"2405",56.3,193.1,53293028.94,1994
"2406",56.3,195.1,14357690.56,1994
"2407",56.3,197.1,1467620.31,1994
"2408",56.3,199.1,0,1994
"2409",56.3,201.1,0,1994
"2410",58.3,181.1,1350.98,1994
"2411",58.3,183.1,9.01,1994
"2412",58.3,185.1,15.23,1994
"2413",58.3,187.1,2479.29,1994
"2414",58.3,189.1,33288.41,1994
"2415",58.3,191.1,116972.83,1994
"2416",58.3,193.1,443048.33,1994
"2417",58.3,195.1,3353270,1994
"2418",58.3,197.1,3804.19,1994
"2419",58.3,199.1,0,1994
"2420",58.3,201.1,0,1994
"2421",60.3,181.1,903.35,1994
"2422",60.3,183.1,0,1994
"2423",60.3,185.1,0,1994
"2424",60.3,187.1,8067.61,1994
"2425",60.3,189.1,0,1994
"2426",60.3,191.1,1982.11,1994
"2427",60.3,193.1,409.88,1994
"2428",60.3,195.1,0,1994
"2429",60.3,197.1,0,1994
"2430",60.3,199.1,0,1994
"2431",60.3,201.1,0,1994
"2432",62.3,181.1,0,1994
"2433",62.3,183.1,0,1994
"2434",62.3,185.1,0,1994
"2435",62.3,187.1,0,1994
"2436",62.3,189.1,0,1994
"2437",62.3,191.1,0,1994
"2438",62.3,193.1,0,1994
"2439",62.3,195.1,0,1994
"2440",62.3,197.1,0,1994
"2441",62.3,199.1,0,1994
"2442",62.3,201.1,0,1994
"2443",64.3,181.1,0,1994
"2444",64.3,183.1,0,1994
"2445",64.3,185.1,0,1994
"2446",64.3,187.1,0,1994
"2447",64.3,189.1,0,1994
"2448",64.3,191.1,0,1994
"2449",64.3,193.1,0,1994
"2450",64.3,195.1,0,1994
"2451",64.3,197.1,0,1994
"2452",64.3,199.1,0,1994
"2453",64.3,201.1,0,1994
"2454",66.3,181.1,0,1994
"2455",66.3,183.1,0,1994
"2456",66.3,185.1,0,1994
"2457",66.3,187.1,0,1994
"2458",66.3,189.1,0,1994
"2459",66.3,191.1,0,1994
"2460",66.3,193.1,0,1994
"2461",66.3,195.1,0,1994
"2462",66.3,197.1,0,1994
"2463",66.3,199.1,0,1994
"2464",66.3,201.1,0,1994
"2465",52.3,181.1,0,1993
"2466",52.3,183.1,0,1993
"2467",52.3,185.1,12.63,1993
"2468",52.3,187.1,0,1993
"2469",52.3,189.1,0,1993
"2470",52.3,191.1,1,1993
"2471",52.3,193.1,4.01,1993
"2472",52.3,195.1,0,1993
"2473",52.3,197.1,0,1993
"2474",52.3,199.1,0,1993
"2475",52.3,201.1,0,1993
"2476",54.3,181.1,0,1993
"2477",54.3,183.1,0,1993
"2478",54.3,185.1,0,1993
"2479",54.3,187.1,0,1993
"2480",54.3,189.1,292.51,1993
"2481",54.3,191.1,109.58,1993
"2482",54.3,193.1,29464.06,1993
"2483",54.3,195.1,452453.59,1993
"2484",54.3,197.1,97235.36,1993
"2485",54.3,199.1,0,1993
"2486",54.3,201.1,0,1993
"2487",56.3,181.1,0,1993
"2488",56.3,183.1,0,1993
"2489",56.3,185.1,193.56,1993
"2490",56.3,187.1,268401.83,1993
"2491",56.3,189.1,6994949.95,1993
"2492",56.3,191.1,2519557.89,1993
"2493",56.3,193.1,23503372.39,1993
"2494",56.3,195.1,1879742.16,1993
"2495",56.3,197.1,166983.9,1993
"2496",56.3,199.1,0,1993
"2497",56.3,201.1,0,1993
"2498",58.3,181.1,53.17,1993
"2499",58.3,183.1,0,1993
"2500",58.3,185.1,1018.56,1993
"2501",58.3,187.1,1892.99,1993
"2502",58.3,189.1,2605706.49,1993
"2503",58.3,191.1,677831.46,1993
"2504",58.3,193.1,233042.5,1993
"2505",58.3,195.1,12924675.06,1993
"2506",58.3,197.1,70546.68,1993
"2507",58.3,199.1,0,1993
"2508",58.3,201.1,0,1993
"2509",60.3,181.1,0,1993
"2510",60.3,183.1,0,1993
"2511",60.3,185.1,0,1993
"2512",60.3,187.1,830836.68,1993
"2513",60.3,189.1,0,1993
"2514",60.3,191.1,0,1993
"2515",60.3,193.1,0,1993
"2516",60.3,195.1,0,1993
"2517",60.3,197.1,0,1993
"2518",60.3,199.1,0,1993
"2519",60.3,201.1,0,1993
"2520",62.3,181.1,0,1993
"2521",62.3,183.1,0,1993
"2522",62.3,185.1,0,1993
"2523",62.3,187.1,0,1993
"2524",62.3,189.1,0,1993
"2525",62.3,191.1,0,1993
"2526",62.3,193.1,0,1993
"2527",62.3,195.1,0,1993
"2528",62.3,197.1,0,1993
"2529",62.3,199.1,0,1993
"2530",62.3,201.1,0,1993
"2531",64.3,181.1,0,1993
"2532",64.3,183.1,0,1993
"2533",64.3,185.1,0,1993
"2534",64.3,187.1,0,1993
"2535",64.3,189.1,0,1993
"2536",64.3,191.1,0,1993
"2537",64.3,193.1,0,1993
"2538",64.3,195.1,0,1993
"2539",64.3,197.1,0,1993
"2540",64.3,199.1,0,1993
"2541",64.3,201.1,0,1993
"2542",66.3,181.1,0,1993
"2543",66.3,183.1,0,1993
"2544",66.3,185.1,0,1993
"2545",66.3,187.1,0,1993
"2546",66.3,189.1,0,1993
"2547",66.3,191.1,0,1993
"2548",66.3,193.1,0,1993
"2549",66.3,195.1,0,1993
"2550",66.3,197.1,0,1993
"2551",66.3,199.1,0,1993
"2552",66.3,201.1,0,1993
"2553",52.3,181.1,0,1992
"2554",52.3,183.1,0,1992
"2555",52.3,185.1,0,1992
"2556",52.3,187.1,73.46,1992
"2557",52.3,189.1,0,1992
"2558",52.3,191.1,0,1992
"2559",52.3,193.1,84.08,1992
"2560",52.3,195.1,0,1992
"2561",52.3,197.1,0,1992
"2562",52.3,199.1,0,1992
"2563",52.3,201.1,0,1992
"2564",54.3,181.1,0,1992
"2565",54.3,183.1,0,1992
"2566",54.3,185.1,0,1992
"2567",54.3,187.1,0,1992
"2568",54.3,189.1,0,1992
"2569",54.3,191.1,0,1992
"2570",54.3,193.1,54473.81,1992
"2571",54.3,195.1,320375.45,1992
"2572",54.3,197.1,299331.97,1992
"2573",54.3,199.1,0,1992
"2574",54.3,201.1,0,1992
"2575",56.3,181.1,0,1992
"2576",56.3,183.1,0,1992
"2577",56.3,185.1,11.27,1992
"2578",56.3,187.1,1041887.28,1992
"2579",56.3,189.1,5867207.98,1992
"2580",56.3,191.1,19096654.74,1992
"2581",56.3,193.1,15067186.31,1992
"2582",56.3,195.1,11473480.6,1992
"2583",56.3,197.1,428159.71,1992
"2584",56.3,199.1,0,1992
"2585",56.3,201.1,0,1992
"2586",58.3,181.1,3884.58,1992
"2587",58.3,183.1,4.25,1992
"2588",58.3,185.1,94.37,1992
"2589",58.3,187.1,476671.48,1992
"2590",58.3,189.1,285210.92,1992
"2591",58.3,191.1,2489890.4,1992
"2592",58.3,193.1,3246142.1,1992
"2593",58.3,195.1,4845739.91,1992
"2594",58.3,197.1,13997.44,1992
"2595",58.3,199.1,0,1992
"2596",58.3,201.1,0,1992
"2597",60.3,181.1,0,1992
"2598",60.3,183.1,0,1992
"2599",60.3,185.1,0,1992
"2600",60.3,187.1,0,1992
"2601",60.3,189.1,255.3,1992
"2602",60.3,191.1,24009.75,1992
"2603",60.3,193.1,96.58,1992
"2604",60.3,195.1,0,1992
"2605",60.3,197.1,0,1992
"2606",60.3,199.1,0,1992
"2607",60.3,201.1,0,1992
"2608",62.3,181.1,0,1992
"2609",62.3,183.1,0,1992
"2610",62.3,185.1,0,1992
"2611",62.3,187.1,0,1992
"2612",62.3,189.1,0,1992
"2613",62.3,191.1,0,1992
"2614",62.3,193.1,0,1992
"2615",62.3,195.1,0,1992
"2616",62.3,197.1,0,1992
"2617",62.3,199.1,0,1992
"2618",62.3,201.1,0,1992
"2619",64.3,181.1,0,1992
"2620",64.3,183.1,0,1992
"2621",64.3,185.1,0,1992
"2622",64.3,187.1,0,1992
"2623",64.3,189.1,0,1992
"2624",64.3,191.1,0,1992
"2625",64.3,193.1,0,1992
"2626",64.3,195.1,0,1992
"2627",64.3,197.1,0,1992
"2628",64.3,199.1,0,1992
"2629",64.3,201.1,0,1992
"2630",66.3,181.1,0,1992
"2631",66.3,183.1,0,1992
"2632",66.3,185.1,0,1992
"2633",66.3,187.1,0,1992
"2634",66.3,189.1,0,1992
"2635",66.3,191.1,0,1992
"2636",66.3,193.1,0,1992
"2637",66.3,195.1,0,1992
"2638",66.3,197.1,0,1992
"2639",66.3,199.1,0,1992
"2640",66.3,201.1,0,1992
"2641",52.3,181.1,0,1991
"2642",52.3,183.1,0,1991
"2643",52.3,185.1,0,1991
"2644",52.3,187.1,0,1991
"2645",52.3,189.1,0,1991
"2646",52.3,191.1,328.81,1991
"2647",52.3,193.1,4.31,1991
"2648",52.3,195.1,0,1991
"2649",52.3,197.1,0,1991
"2650",52.3,199.1,0,1991
"2651",52.3,201.1,0,1991
"2652",54.3,181.1,0,1991
"2653",54.3,183.1,0,1991
"2654",54.3,185.1,0,1991
"2655",54.3,187.1,0,1991
"2656",54.3,189.1,0,1991
"2657",54.3,191.1,235.36,1991
"2658",54.3,193.1,24642.87,1991
"2659",54.3,195.1,331476.85,1991
"2660",54.3,197.1,166951.05,1991
"2661",54.3,199.1,0,1991
"2662",54.3,201.1,0,1991
"2663",56.3,181.1,0,1991
"2664",56.3,183.1,0,1991
"2665",56.3,185.1,172.21,1991
"2666",56.3,187.1,426715.38,1991
"2667",56.3,189.1,1077591.3,1991
"2668",56.3,191.1,4969381.99,1991
"2669",56.3,193.1,7679391.44,1991
"2670",56.3,195.1,524948.96,1991
"2671",56.3,197.1,600277.47,1991
"2672",56.3,199.1,0,1991
"2673",56.3,201.1,0,1991
"2674",58.3,181.1,1.1,1991
"2675",58.3,183.1,0,1991
"2676",58.3,185.1,3.22,1991
"2677",58.3,187.1,3506.11,1991
"2678",58.3,189.1,6280088.05,1991
"2679",58.3,191.1,8395955.97,1991
"2680",58.3,193.1,123778.79,1991
"2681",58.3,195.1,289595.18,1991
"2682",58.3,197.1,179137.16,1991
"2683",58.3,199.1,0,1991
"2684",58.3,201.1,0,1991
"2685",60.3,181.1,0,1991
"2686",60.3,183.1,0,1991
"2687",60.3,185.1,0,1991
"2688",60.3,187.1,0,1991
"2689",60.3,189.1,133580.42,1991
"2690",60.3,191.1,5045.63,1991
"2691",60.3,193.1,0,1991
"2692",60.3,195.1,0,1991
"2693",60.3,197.1,0,1991
"2694",60.3,199.1,0,1991
"2695",60.3,201.1,0,1991
"2696",62.3,181.1,0,1991
"2697",62.3,183.1,0,1991
"2698",62.3,185.1,0,1991
"2699",62.3,187.1,0,1991
"2700",62.3,189.1,0,1991
"2701",62.3,191.1,0,1991
"2702",62.3,193.1,0,1991
"2703",62.3,195.1,0,1991
"2704",62.3,197.1,0,1991
"2705",62.3,199.1,0,1991
"2706",62.3,201.1,0,1991
"2707",64.3,181.1,0,1991
"2708",64.3,183.1,0,1991
"2709",64.3,185.1,0,1991
"2710",64.3,187.1,0,1991
"2711",64.3,189.1,0,1991
"2712",64.3,191.1,0,1991
"2713",64.3,193.1,0,1991
"2714",64.3,195.1,0,1991
"2715",64.3,197.1,0,1991
"2716",64.3,199.1,0,1991
"2717",64.3,201.1,0,1991
"2718",66.3,181.1,0,1991
"2719",66.3,183.1,0,1991
"2720",66.3,185.1,0,1991
"2721",66.3,187.1,0,1991
"2722",66.3,189.1,0,1991
"2723",66.3,191.1,0,1991
"2724",66.3,193.1,0,1991
"2725",66.3,195.1,0,1991
"2726",66.3,197.1,0,1991
"2727",66.3,199.1,0,1991
"2728",66.3,201.1,0,1991
"2729",0,0,0,0
"2730",0,0,0,0
